path_id,link_id,first_color
0,66,74
0,12,74
0,6,74
0,5,74
0,1,74
0,15,74
0,39,74
0,135,74
0,11,74
0,22,74
0,312,74
0,352,74
1,189,74
1,223,74
1,203,74
1,143,74
1,370,74
1,245,74
1,233,74
2,412,74
2,449,74
3,515,74
4,520,74
5,469,74
6,526,74
7,496,74
8,299,40
8,211,40
9,532,40
9,283,40
10,482,40
10,462,40
11,526,40
12,535,40
13,528,3
13,317,3
13,454,3
14,187,3
14,399,3
14,42,3
14,567,3
14,566,3
15,303,3
16,432,79
16,335,79
16,225,79
16,94,79
16,140,79
17,421,79
17,529,79
18,134,79
18,132,79
18,547,79
19,465,79
20,563,79
20,364,79
21,347,79
21,255,79
21,436,79
21,302,79
22,332,79
22,381,79
22,291,79
22,228,79
22,295,79
23,107,79
23,387,79
23,420,79
24,459,10
24,49,10
24,72,10
24,463,10
24,484,10
25,412,10
25,449,10
26,542,59
27,415,59
27,289,59
27,425,59
28,446,59
28,416,59
28,437,59
29,516,59
29,214,59
29,382,59
30,371,59
30,520,59
31,469,59
32,526,59
33,131,26
33,163,26
33,208,26
33,128,26
33,324,26
34,373,0
34,456,0
34,106,0
35,494,0
35,507,0
36,281,0
36,244,0
36,517,0
37,471,37
37,283,37
37,482,37
38,284,37
38,127,37
38,433,37
39,563,78
39,364,78
40,347,78
40,255,78
40,436,78
40,302,78
41,332,78
41,381,78
41,291,78
41,228,78
41,295,78
42,107,78
42,387,78
42,420,78
42,390,78
43,537,78
43,181,78
44,417,78
44,471,78
45,292,66
45,108,66
45,217,66
45,424,66
45,367,66
46,524,66
46,375,66
46,109,66
46,224,66
46,176,66
46,282,66
47,221,66
47,305,66
47,398,66
47,298,66
48,408,0
49,291,2
49,381,2
49,332,2
49,302,2
50,436,2
50,255,2
50,347,2
50,364,2
51,42,9
51,399,9
51,402,9
51,267,9
51,170,9
51,51,9
52,69,9
52,293,9
52,180,9
53,351,3
53,210,3
53,345,3
53,266,3
53,202,3
54,18,22
54,16,22
54,2,22
54,17,22
54,4,22
54,33,22
54,38,22
54,89,22
54,110,22
54,118,22
54,387,22
55,420,22
55,390,22
56,537,22
56,181,22
57,478,22
57,299,22
57,211,22
58,82,38
58,28,38
58,292,38
58,108,38
58,217,38
58,424,38
59,367,38
59,524,38
59,375,38
59,403,38
60,338,38
60,472,38
60,422,38
61,514,38
61,350,38
62,537,38
62,181,38
63,478,38
63,299,38
63,400,38
64,82,50
64,28,50
64,292,50
64,108,50
64,217,50
64,424,50
65,367,50
65,524,50
65,375,50
65,109,50
65,224,50
65,176,50
66,282,50
66,388,50
67,225,3
67,439,3
67,180,3
67,122,3
68,485,3
68,159,3
68,198,3
69,211,30
69,299,30
69,478,30
70,452,30
70,511,30
71,234,30
71,355,30
71,393,30
72,298,42
72,398,42
72,484,42
73,344,42
73,356,42
73,397,42
73,234,42
74,511,42
74,452,42
75,417,42
76,303,25
76,566,25
76,567,25
76,42,25
77,163,17
77,208,17
77,128,17
77,324,17
77,214,17
77,382,17
78,371,17
78,520,17
79,305,8
79,484,8
79,344,8
80,356,8
80,397,8
80,234,8
81,185,54
81,236,54
81,160,54
81,495,54
81,161,54
81,370,54
82,245,54
82,233,54
82,412,54
82,449,54
83,515,54
84,520,54
85,398,54
85,484,54
85,344,54
86,356,54
86,397,54
86,234,54
87,511,54
87,452,54
88,478,54
88,455,54
89,130,1
89,306,1
89,227,1
89,460,1
90,12,62
90,6,62
90,5,62
90,1,62
90,15,62
90,39,62
90,135,62
90,11,62
90,22,62
90,312,62
90,352,62
90,189,62
91,223,62
91,203,62
91,310,62
91,530,62
91,457,62
92,305,62
93,363,66
93,405,66
93,64,66
93,88,66
93,117,66
93,247,66
94,404,66
94,249,66
94,286,66
94,113,66
94,523,66
95,321,66
95,81,66
95,80,66
95,125,66
95,191,66
95,126,66
95,122,66
95,180,66
96,235,66
96,413,66
96,279,66
96,240,66
96,267,66
97,402,66
97,399,66
97,42,66
97,567,66
98,566,66
98,303,66
99,20,79
99,77,79
99,27,79
99,411,79
99,19,79
99,8,79
99,40,79
99,172,79
99,194,79
100,486,79
100,189,79
100,307,79
100,256,79
100,59,79
101,338,79
101,143,79
102,563,40
102,364,40
103,347,40
103,255,40
103,436,40
103,302,40
104,332,40
104,442,40
104,179,40
104,141,40
104,195,40
104,216,40
104,14,40
105,90,40
105,372,40
105,185,40
105,236,40
105,201,40
106,375,40
106,109,40
106,224,40
106,176,40
106,282,40
107,388,40
107,152,40
107,92,40
107,68,40
107,231,40
108,217,12
108,108,12
108,292,12
108,28,12
108,82,12
108,141,12
108,319,12
108,30,12
109,12,57
109,6,57
109,5,57
109,1,57
109,15,57
109,39,57
109,135,57
109,11,57
109,22,57
109,312,57
109,352,57
110,495,57
110,161,57
110,483,57
111,204,0
111,277,0
112,444,79
112,305,79
112,221,79
112,282,79
112,176,79
113,224,79
113,109,79
113,375,79
113,201,79
113,236,79
113,185,79
114,372,79
114,79,79
114,83,79
114,18,79
114,16,79
114,2,79
114,17,79
114,4,79
114,33,79
114,38,79
114,89,79
115,351,2
115,210,2
116,518,60
116,414,60
117,326,60
117,532,60
118,283,60
118,482,60
118,284,60
118,262,60
119,380,60
119,349,60
119,357,60
119,275,60
120,392,60
120,178,60
120,304,60
120,333,60
121,493,60
121,467,60
121,218,60
122,164,60
122,98,60
122,504,60
123,543,60
124,174,78
124,183,78
124,492,78
124,365,78
124,461,78
125,376,78
125,269,78
125,290,78
125,91,78
126,515,78
126,393,78
127,355,78
127,234,78
127,511,78
128,474,0
129,543,0
130,491,0
131,40,19
131,8,19
131,19,19
131,39,19
131,15,19
131,1,19
131,5,19
131,6,19
131,12,19
131,66,19
131,71,19
131,107,19
131,295,19
132,144,24
132,418,24
132,349,24
132,357,24
133,216,22
133,14,22
133,90,22
133,372,22
133,185,22
133,236,22
134,201,22
135,20,13
135,139,13
135,87,13
135,9,13
135,199,13
135,71,13
135,387,13
136,420,13
137,219,11
137,250,11
137,365,11
137,461,11
138,376,11
138,269,11
138,290,11
138,91,11
139,520,11
140,469,11
141,526,11
142,462,11
143,229,64
143,234,64
143,511,64
144,452,64
144,417,64
145,471,64
145,283,64
145,482,64
146,284,64
146,262,64
146,380,64
146,349,64
147,357,64
147,378,64
148,42,24
149,71,37
149,387,37
149,420,37
149,390,37
150,537,37
150,181,37
151,124,22
151,119,22
151,157,22
152,572,22
152,215,22
153,430,22
153,518,22
154,455,22
155,219,7
155,250,7
155,365,7
155,461,7
156,376,7
156,269,7
156,290,7
156,91,7
157,515,7
157,393,7
158,355,7
158,229,7
159,258,14
159,488,14
160,527,14
161,440,14
161,435,14
161,98,14
161,164,14
161,218,14
162,467,14
162,493,14
163,333,14
163,304,14
163,178,14
163,340,14
164,423,14
165,124,53
165,119,53
165,157,53
165,230,53
165,329,53
165,52,53
165,295,53
165,107,53
166,387,53
166,420,53
166,390,53
167,537,53
167,181,53
168,70,25
168,212,25
168,159,25
168,485,25
168,296,25
169,294,25
169,421,25
170,529,25
170,134,25
170,132,25
171,547,25
171,465,25
172,563,25
173,500,25
173,280,25
173,366,25
174,494,66
174,507,66
175,281,66
175,541,66
176,563,66
177,465,66
177,547,66
178,132,66
178,134,66
178,529,66
179,421,66
179,140,66
179,94,66
179,225,66
179,335,66
180,432,66
180,445,66
181,421,32
181,529,32
182,134,32
182,132,32
182,547,32
183,465,32
184,563,32
184,364,32
185,347,32
185,255,32
185,436,32
185,302,32
186,332,32
186,442,32
186,102,32
186,150,32
186,44,32
186,146,32
187,292,32
187,108,32
187,217,32
187,499,32
187,236,32
187,160,32
188,495,32
188,161,32
188,483,32
189,397,32
189,355,32
189,393,32
190,515,32
190,91,32
190,290,32
191,269,32
191,376,32
191,461,32
191,365,32
192,250,32
192,219,32
192,451,32
192,431,32
192,154,32
193,389,32
194,98,3
194,435,3
194,440,3
195,527,3
196,121,39
196,405,39
196,363,39
196,366,39
196,244,39
197,281,39
197,507,39
198,494,39
198,124,39
198,119,39
198,157,39
198,230,39
199,329,39
199,52,39
200,223,11
200,59,11
200,472,11
200,422,11
201,95,79
201,408,79
201,247,79
201,404,79
201,249,79
201,286,79
202,113,79
202,523,79
202,321,79
202,81,79
202,80,79
202,125,79
202,191,79
203,126,79
203,122,79
203,180,79
203,235,79
203,413,79
203,279,79
204,241,79
204,311,79
204,402,79
204,399,79
204,42,79
205,251,79
205,153,79
205,521,79
206,126,41
206,191,41
206,125,41
206,80,41
206,81,41
206,321,41
206,523,41
207,113,41
207,286,41
207,249,41
207,562,41
208,160,3
208,236,3
208,499,3
209,0,15
209,25,15
209,60,15
209,485,15
209,122,15
209,180,15
210,439,15
210,335,15
210,432,15
211,445,15
212,414,58
212,455,58
213,478,58
213,452,58
214,374,58
214,498,58
215,514,58
215,422,58
216,472,58
216,338,58
216,403,58
217,375,58
217,201,58
217,236,58
218,484,37
218,444,37
218,168,37
219,401,37
219,407,37
219,313,37
219,379,37
220,377,37
220,254,37
220,213,37
220,492,37
220,285,37
220,260,37
221,289,37
221,415,37
221,503,37
222,218,4
222,164,4
222,98,4
222,504,4
223,543,4
224,139,42
224,87,42
224,9,42
224,199,42
224,71,42
224,387,42
224,420,42
225,390,42
225,350,42
225,498,42
226,374,42
227,66,30
227,71,30
227,387,30
227,420,30
227,390,30
228,537,30
228,181,30
229,417,30
229,288,30
229,391,30
230,64,70
230,405,70
230,363,70
230,280,70
231,500,70
231,364,70
231,347,70
232,255,70
232,436,70
232,302,70
232,332,70
233,172,51
233,40,51
233,8,51
233,19,51
233,39,51
233,15,51
233,1,51
233,5,51
233,6,51
233,12,51
233,66,51
233,71,51
233,387,51
234,420,51
234,490,51
235,295,49
235,107,49
235,118,49
235,110,49
235,297,49
235,66,49
235,12,49
235,6,49
235,5,49
235,1,49
235,15,49
235,39,49
235,19,49
236,8,49
236,40,49
236,564,49
236,194,49
236,486,49
236,189,49
236,223,49
237,203,49
237,310,49
237,530,49
237,457,49
238,305,49
238,398,49
238,298,49
238,324,49
239,516,49
239,437,49
240,416,49
240,446,49
240,425,49
241,289,49
241,415,49
242,542,49
243,506,49
243,441,49
244,7,2
244,33,2
244,4,2
244,17,2
244,2,2
244,16,2
244,18,2
244,27,2
245,325,16
245,151,16
245,295,16
245,52,16
245,329,16
245,230,16
246,456,2
246,106,2
247,512,2
248,513,2
248,441,2
249,506,2
249,394,2
250,438,2
250,479,2
251,77,42
251,24,42
251,216,42
251,195,42
251,82,42
251,28,42
252,87,39
252,9,39
252,199,39
252,71,39
252,387,39
252,420,39
253,490,39
253,215,39
253,430,39
254,515,11
254,393,11
255,355,11
255,234,11
256,103,3
256,127,3
256,284,3
256,462,3
257,526,3
258,11,19
258,22,19
258,312,19
258,352,19
258,495,19
258,161,19
259,407,53
259,313,53
259,379,53
259,377,53
260,254,53
260,213,53
260,492,53
260,250,53
260,219,53
260,451,53
261,431,53
261,154,53
261,389,53
262,259,0
263,214,27
263,382,27
263,371,27
264,520,27
265,469,27
266,526,27
267,462,27
267,284,27
267,262,27
267,380,27
268,349,27
268,357,27
268,378,27
269,51,75
269,69,75
269,293,75
269,180,75
269,122,75
269,126,75
269,191,75
269,125,75
269,80,75
269,81,75
270,321,75
270,523,75
270,547,75
271,465,75
272,563,75
272,364,75
273,347,75
274,516,37
274,437,37
275,416,37
275,365,37
275,250,37
275,219,37
276,451,37
276,431,37
276,154,37
276,204,37
276,336,37
277,375,36
277,403,36
277,143,36
278,483,36
278,397,36
278,355,36
279,218,12
279,164,12
279,98,12
279,435,12
279,440,12
280,527,12
281,488,12
281,258,12
282,373,22
282,456,22
282,106,22
283,496,22
284,526,22
285,469,22
286,520,22
287,515,22
287,393,22
288,355,22
288,397,22
288,483,22
289,143,22
289,203,22
289,223,22
289,189,22
289,486,22
290,194,22
290,172,22
290,57,22
290,36,22
290,312,22
291,66,58
291,71,58
291,387,58
291,420,58
291,390,58
292,537,58
292,181,58
293,417,58
293,288,58
294,152,42
294,92,42
294,68,42
294,231,42
294,128,42
294,324,42
294,214,42
295,382,42
295,371,42
296,520,42
297,469,42
298,535,42
299,63,10
299,195,10
299,82,10
299,28,10
299,292,10
299,108,10
299,217,10
300,14,49
300,24,49
300,20,49
300,139,49
300,325,49
300,104,49
300,71,49
300,387,49
301,420,49
301,390,49
302,418,3
302,144,3
302,373,3
302,456,3
303,106,3
303,512,3
304,513,3
304,441,3
305,506,3
306,542,3
307,405,19
307,363,19
307,366,19
307,244,19
308,281,19
308,507,19
309,494,19
309,124,19
309,119,19
309,157,19
310,572,19
310,215,19
311,430,19
311,518,19
312,414,19
312,326,19
313,532,19
313,283,19
314,482,19
314,284,19
314,262,19
315,380,19
315,349,19
315,357,19
315,275,19
316,392,19
317,294,7
317,140,7
317,94,7
317,225,7
317,335,7
318,432,7
318,445,7
319,92,3
319,152,3
319,388,3
320,521,22
320,153,22
320,251,22
320,42,22
320,399,22
321,402,22
321,311,22
321,241,22
321,279,22
321,69,22
322,293,22
322,180,22
322,122,22
322,485,22
322,159,22
323,371,79
323,382,79
323,214,79
323,324,79
323,298,79
324,398,79
324,484,79
324,344,79
325,356,79
325,287,79
325,330,79
326,514,79
326,350,79
327,390,79
327,490,79
328,572,79
328,157,79
329,119,79
329,124,79
329,494,79
330,507,79
330,281,79
330,244,79
331,366,79
332,61,18
332,27,18
332,83,18
332,79,18
332,372,18
332,185,18
332,499,18
333,424,18
333,367,18
333,524,18
333,375,18
334,403,18
334,338,18
334,472,18
335,422,18
335,514,18
336,498,18
336,374,18
337,452,18
337,417,18
338,471,18
338,283,18
338,482,18
339,262,79
339,284,79
339,462,79
340,526,79
341,469,79
342,520,79
342,91,79
342,290,79
343,269,79
343,376,79
343,461,79
344,416,79
344,343,79
345,139,78
345,20,78
345,77,78
345,83,78
345,197,78
345,22,78
345,312,78
345,352,78
346,189,78
346,223,78
346,203,78
346,403,78
346,109,78
346,224,78
347,176,78
347,282,78
347,221,78
347,305,78
347,398,78
348,295,17
348,228,17
348,291,17
348,381,17
348,332,17
349,302,17
349,436,17
349,255,17
350,163,10
350,401,10
350,407,10
350,232,10
351,361,10
351,437,10
351,416,10
352,446,10
352,425,10
353,495,65
353,161,65
353,483,65
354,397,65
354,234,65
354,511,65
355,452,65
355,417,65
355,288,65
356,391,65
357,344,26
357,356,26
357,397,26
357,234,26
358,511,26
358,452,26
359,417,26
359,471,26
360,223,61
360,203,61
360,143,61
360,483,61
361,397,61
361,234,61
361,511,61
362,452,61
362,478,61
362,299,61
363,60,53
363,485,53
363,296,53
363,294,53
364,421,53
364,529,53
365,134,53
365,132,53
365,547,53
366,465,53
366,266,53
366,345,53
366,210,53
367,351,53
367,114,53
367,246,53
367,95,53
367,120,53
368,151,10
368,104,10
368,66,10
368,12,10
368,6,10
368,5,10
368,1,10
368,15,10
368,39,10
369,336,22
369,204,22
369,154,22
369,431,22
369,451,22
370,219,22
370,250,22
370,365,22
370,416,22
371,44,9
371,76,9
371,141,9
371,319,9
371,30,9
371,186,9
371,104,9
372,397,14
372,234,14
373,71,76
373,104,76
373,325,76
373,139,76
373,20,76
373,24,76
373,14,76
373,90,76
373,372,76
374,185,76
374,236,76
374,201,76
374,375,76
374,109,76
374,224,76
375,176,76
375,282,76
376,162,9
376,196,9
376,53,9
376,190,9
376,155,9
376,385,9
376,428,9
377,479,9
377,438,9
378,394,9
378,506,9
379,441,9
379,513,9
380,512,9
380,106,9
381,456,9
381,433,9
381,127,9
381,284,9
382,287,1
382,356,1
382,344,1
383,484,1
384,110,75
384,118,75
384,387,75
384,420,75
385,390,75
386,537,75
386,181,75
387,417,75
387,471,75
387,283,75
388,482,75
389,60,27
389,485,27
389,122,27
389,180,27
389,293,27
389,69,27
390,51,27
390,334,27
390,458,27
391,536,27
392,509,49
392,454,49
393,432,49
393,335,49
393,439,49
393,180,49
394,122,49
394,126,49
394,191,49
394,125,49
394,80,49
394,81,49
394,321,49
395,523,49
395,113,49
395,286,49
395,249,49
395,404,49
396,247,49
396,117,49
396,88,49
396,64,49
396,481,49
397,179,34
397,319,34
397,30,34
397,186,34
397,104,34
397,71,34
397,387,34
398,420,34
398,490,34
399,22,56
399,312,56
399,352,56
399,495,56
399,161,56
400,370,56
400,245,56
400,233,56
400,484,56
401,127,36
401,284,36
401,482,36
401,283,36
402,471,36
403,514,31
403,330,31
403,229,31
404,355,31
404,393,31
405,202,71
405,563,71
405,364,71
406,347,71
406,255,71
406,436,71
406,302,71
407,332,71
407,381,71
407,291,71
407,228,71
407,295,71
408,107,71
408,387,71
408,420,71
408,390,71
409,537,71
409,181,71
410,417,71
410,288,71
410,391,71
410,326,71
411,219,76
411,250,76
411,492,76
411,213,76
411,254,76
411,377,76
412,379,76
412,313,76
412,407,76
412,401,76
413,131,76
413,192,76
413,309,76
413,457,76
413,341,76
414,381,64
414,291,64
414,228,64
414,295,64
414,107,64
415,387,64
415,420,64
415,390,64
416,537,64
416,181,64
417,478,64
418,444,0
419,13,12
419,6,12
419,5,12
419,1,12
419,15,12
419,39,12
419,135,12
419,11,12
420,180,2
420,235,2
420,413,2
420,279,2
421,441,12
421,506,12
422,542,12
423,121,21
423,405,21
423,363,21
423,366,21
423,244,21
424,281,21
424,507,21
425,494,21
425,124,21
425,119,21
425,157,21
426,572,21
426,215,21
427,430,21
427,518,21
428,414,21
428,326,21
429,33,12
429,4,12
429,17,12
429,2,12
429,16,12
429,18,12
429,77,12
429,24,12
429,216,12
429,195,12
429,133,12
429,102,12
430,64,41
430,405,41
430,363,41
430,366,41
430,244,41
431,281,41
431,507,41
432,494,41
432,124,41
432,119,41
432,157,41
433,572,41
433,215,41
434,430,41
434,518,41
435,414,41
435,326,41
436,532,41
436,283,41
437,482,41
437,284,41
437,262,41
438,380,41
438,349,41
438,357,41
438,275,41
439,392,41
440,383,63
440,508,63
441,453,63
441,359,63
441,431,63
442,451,63
442,219,63
442,250,63
442,365,63
443,461,63
443,376,63
443,269,63
443,290,63
444,91,63
444,515,63
444,393,63
445,355,63
445,229,63
445,330,63
446,514,63
447,347,54
447,364,54
447,500,54
448,280,54
448,363,54
448,405,54
448,64,54
448,165,54
448,123,54
449,247,54
449,404,54
449,249,54
449,286,54
449,113,54
449,132,54
450,134,54
450,529,54
451,421,54
451,140,54
451,94,54
451,225,54
451,335,54
452,432,54
452,358,54
452,402,54
453,399,54
453,42,54
453,567,54
453,566,54
453,303,54
454,161,16
454,495,16
454,160,16
454,236,16
454,499,16
455,265,64
455,158,64
455,377,64
455,379,64
455,313,64
456,407,64
456,401,64
456,168,64
456,444,64
457,484,64
457,344,64
457,356,64
458,287,64
458,330,64
458,514,64
459,350,64
460,381,49
460,291,49
460,228,49
460,52,49
460,329,49
460,230,49
461,157,49
461,119,49
461,124,49
461,494,49
462,507,49
462,281,49
462,244,49
463,366,49
463,363,49
463,405,49
463,73,49
463,136,49
464,58,0
464,63,0
464,195,0
464,141,0
465,528,1
465,317,1
465,358,1
466,402,1
466,399,1
466,42,1
466,251,1
466,153,1
467,388,6
467,192,6
467,131,6
467,401,6
468,407,6
468,313,6
468,379,6
468,377,6
469,404,56
469,247,56
469,123,56
469,165,56
469,64,56
469,405,56
470,363,56
470,366,56
470,244,56
470,281,56
471,507,56
471,494,56
472,124,56
472,119,56
472,157,56
473,572,56
474,223,56
474,203,56
474,143,56
474,483,56
475,397,56
475,234,56
475,511,56
476,452,56
476,478,56
477,316,7
477,315,7
477,265,7
477,158,7
477,377,7
478,379,7
478,313,7
478,407,7
478,401,7
479,335,0
480,45,28
480,238,28
480,322,28
480,426,28
480,316,28
481,315,28
481,265,28
481,158,28
481,377,28
481,379,28
482,313,28
482,407,28
482,401,28
482,131,28
482,192,28
483,388,28
483,282,28
483,176,28
483,224,28
483,109,28
484,375,28
484,524,28
484,367,28
484,424,28
485,217,28
485,108,28
485,292,28
485,146,28
485,44,28
485,150,28
485,102,28
486,442,28
486,332,28
486,302,28
486,436,28
487,255,28
487,347,28
487,364,28
488,500,28
488,280,28
488,363,28
489,405,28
489,64,28
489,165,28
489,123,28
489,247,28
489,404,28
490,557,28
491,544,28
492,11,20
492,61,20
492,27,20
492,18,20
492,16,20
492,2,20
492,17,20
492,4,20
492,33,20
492,38,20
492,89,20
492,110,20
492,118,20
493,387,20
493,420,20
494,490,20
494,215,20
494,430,20
495,518,20
496,291,9
496,381,9
496,332,9
496,302,9
497,436,9
497,255,9
497,347,9
497,364,9
498,198,7
498,159,7
498,485,7
498,122,7
498,180,7
499,439,7
500,312,38
500,22,38
500,11,38
500,135,38
500,39,38
500,35,38
500,21,38
500,145,38
500,89,38
500,110,38
500,118,38
501,387,38
501,420,38
502,262,49
502,284,49
502,482,49
502,283,49
503,471,49
503,417,49
504,452,49
504,511,49
505,234,49
505,229,49
505,330,49
505,422,49
506,472,49
506,59,49
507,499,8
507,236,8
507,160,8
507,189,8
508,152,39
508,92,39
508,68,39
508,231,39
508,128,39
508,324,39
508,214,39
509,382,39
509,371,39
510,520,39
511,205,9
511,277,9
511,204,9
511,154,9
511,431,9
511,451,9
512,271,9
512,173,9
513,104,44
513,66,44
513,12,44
513,6,44
513,5,44
513,1,44
513,15,44
513,39,44
513,19,44
513,8,44
513,40,44
513,564,44
513,166,44
513,352,44
514,189,44
514,223,44
514,203,44
515,12,45
515,6,45
515,4,45
515,17,45
515,2,45
515,16,45
515,18,45
515,83,45
515,79,45
515,372,45
515,185,45
515,236,45
516,27,7
516,77,7
516,20,7
516,139,7
516,325,7
516,151,7
517,102,75
517,133,75
517,195,75
517,216,75
517,14,75
517,90,75
517,372,75
517,185,75
518,236,75
518,160,75
518,495,75
519,147,48
519,31,48
519,63,48
519,34,48
519,448,48
519,186,48
519,104,48
519,71,48
520,387,48
520,420,48
520,390,48
521,350,48
522,22,6
522,312,6
522,166,6
522,194,6
522,486,6
523,189,6
523,223,6
523,203,6
523,310,6
523,530,6
524,457,6
524,360,6
525,223,79
525,203,79
525,310,79
525,530,79
525,457,79
526,309,79
526,192,79
526,131,79
526,401,79
526,407,79
527,313,79
527,379,79
527,377,79
528,439,11
528,180,11
528,122,11
528,126,11
528,191,11
528,125,11
528,80,11
529,81,11
529,321,11
530,6,71
530,5,71
530,1,71
530,15,71
530,39,71
530,19,71
530,8,71
530,40,71
530,564,71
530,194,71
530,486,71
531,189,71
531,223,71
531,203,71
531,143,71
531,370,71
531,245,71
531,233,71
532,412,71
532,449,71
533,515,71
534,520,71
535,469,71
536,223,2
536,203,2
536,143,2
536,483,2
537,397,2
537,234,2
537,511,2
538,453,0
538,385,0
539,107,12
539,387,12
539,420,12
540,490,12
540,215,12
540,430,12
541,98,6
541,504,6
542,543,6
543,491,6
544,127,11
544,284,11
544,482,11
544,283,11
545,532,11
546,155,56
546,389,56
546,154,56
546,431,56
546,451,56
547,219,56
547,250,56
547,365,56
547,461,56
548,376,56
548,269,56
548,290,56
548,91,56
549,515,56
549,393,56
550,355,56
551,225,46
551,94,46
551,140,46
551,421,46
552,529,46
552,134,46
552,132,46
553,547,46
553,465,46
554,563,46
554,364,46
555,347,46
555,255,46
555,436,46
555,302,46
556,332,46
556,442,46
556,102,46
556,150,46
556,44,46
556,146,46
557,292,46
557,108,46
557,217,46
557,499,46
557,236,46
557,160,46
558,495,46
558,161,46
558,483,46
559,397,46
559,355,46
559,393,46
560,515,46
560,91,46
560,290,46
561,269,46
561,376,46
561,461,46
561,365,46
562,250,46
562,219,46
562,451,46
562,431,46
562,359,46
563,344,12
563,356,12
563,397,12
563,234,12
564,511,12
565,122,5
565,180,5
565,439,5
565,335,5
566,432,5
566,445,5
567,68,5
567,92,5
567,152,5
567,388,5
567,282,5
567,176,5
567,224,5
568,109,5
568,375,5
569,150,4
569,102,4
569,442,4
570,521,62
570,342,62
571,509,62
571,454,62
572,432,62
572,335,62
572,225,62
572,94,62
572,140,62
573,421,62
573,529,62
574,134,62
574,132,62
574,113,62
574,286,62
574,249,62
574,404,62
575,247,62
575,123,62
575,165,62
575,64,62
575,405,62
575,363,62
576,146,19
576,292,19
576,108,19
576,217,19
576,499,19
576,236,19
577,160,19
577,189,19
577,223,19
577,203,19
578,83,69
578,77,69
578,24,69
578,216,69
578,195,69
578,82,69
578,28,69
578,292,69
578,108,69
578,217,69
579,424,69
579,367,69
579,524,69
579,375,69
579,109,69
580,224,69
580,176,69
580,282,69
580,388,69
580,192,69
580,131,69
581,401,69
581,407,69
581,232,69
581,361,69
582,437,69
582,416,69
582,446,69
583,425,69
583,289,69
583,415,69
584,542,69
585,506,69
585,441,69
586,513,69
587,512,69
588,499,49
588,185,49
588,372,49
588,79,49
588,83,49
588,18,49
588,16,49
588,2,49
588,17,49
588,4,49
589,33,49
589,38,49
589,89,49
590,161,1
590,483,1
590,397,1
590,234,1
591,126,15
591,191,15
591,125,15
591,80,15
591,81,15
591,321,15
591,523,15
592,113,15
592,286,15
592,249,15
592,562,15
593,14,10
593,90,10
593,79,10
593,197,10
593,22,10
593,36,10
593,57,10
593,172,10
594,143,0
594,370,0
595,94,22
595,140,22
595,421,22
596,529,22
596,134,22
596,132,22
596,113,22
597,286,22
597,249,22
597,404,22
597,247,22
597,408,22
597,136,22
598,73,22
598,405,22
598,363,22
598,366,22
598,244,22
599,12,40
599,66,40
599,71,40
599,387,40
599,420,40
600,390,40
600,350,40
600,498,40
601,374,40
602,355,8
602,393,8
603,515,8
603,91,8
603,290,8
604,269,8
604,376,8
604,461,8
604,365,8
605,250,8
605,219,8
605,271,8
605,173,8
606,254,21
606,213,21
606,492,21
606,250,21
606,219,21
606,451,21
607,431,21
607,154,21
607,389,21
608,0,6
608,25,6
608,60,6
608,485,6
608,126,6
608,191,6
609,51,2
609,334,2
609,458,2
610,536,2
611,154,4
611,431,4
611,451,4
611,219,4
611,250,4
612,365,4
612,461,4
612,376,4
612,269,4
613,290,4
613,91,4
613,520,4
614,469,4
615,404,23
615,247,23
615,408,23
615,95,23
615,246,23
615,114,23
616,351,23
616,210,23
616,406,23
616,429,23
617,319,5
617,129,5
617,228,5
618,92,4
618,152,4
618,309,4
618,457,4
619,312,18
619,352,18
619,189,18
619,223,18
619,203,18
619,310,18
620,530,18
620,457,18
620,305,18
621,444,18
622,14,1
622,216,1
623,265,1
623,158,1
623,377,1
623,379,1
623,313,1
624,518,13
624,414,13
625,326,13
625,532,13
626,283,13
626,482,13
627,388,2
627,282,2
627,176,2
627,224,2
627,109,2
628,375,2
628,201,2
629,14,61
629,90,61
629,372,61
629,185,61
629,236,61
629,201,61
630,375,61
630,109,61
630,224,61
630,176,61
630,282,61
630,318,61
631,49,7
631,152,7
631,388,7
631,282,7
631,176,7
631,224,7
631,109,7
632,375,7
632,201,7
633,4,14
633,17,14
633,2,14
633,16,14
633,18,14
633,77,14
633,24,14
633,216,14
633,195,14
633,133,14
634,387,8
634,420,8
634,390,8
635,350,8
635,514,8
636,277,2
636,204,2
636,154,2
637,22,43
637,312,43
637,352,43
637,495,43
637,161,43
638,370,43
638,245,43
638,233,43
639,201,19
639,375,19
639,109,19
639,224,19
639,176,19
640,282,19
640,388,19
640,192,19
640,131,19
640,401,19
641,407,19
641,232,19
641,361,19
641,437,19
642,416,19
642,446,19
642,425,19
643,270,19
644,355,42
644,393,42
645,515,42
645,91,42
645,290,42
646,269,42
646,376,42
646,461,42
646,365,42
647,250,42
647,219,42
647,451,42
647,431,42
647,154,42
648,389,42
649,60,16
649,485,16
649,122,16
649,180,16
649,293,16
649,69,16
650,51,16
650,334,16
650,432,16
651,437,1
651,361,1
651,232,1
651,407,1
652,401,1
653,58,5
653,63,5
653,195,5
654,24,7
654,216,7
654,195,7
654,133,7
654,102,7
655,109,56
655,224,56
655,176,56
655,282,56
655,388,56
655,192,56
656,131,56
656,401,56
656,407,56
656,313,56
657,379,56
657,377,56
657,158,56
657,265,56
658,11,79
658,22,79
658,312,79
658,352,79
658,495,79
658,161,79
659,483,79
659,397,79
659,355,79
660,393,79
660,515,79
661,565,58
661,60,58
661,485,58
661,296,58
661,294,58
662,421,58
662,529,58
663,134,58
663,132,58
663,547,58
664,465,58
664,266,58
664,345,58
664,210,58
665,351,58
665,114,58
665,246,58
665,95,58
665,120,58
666,115,75
666,401,75
666,407,75
666,313,75
667,379,75
667,377,75
667,158,75
667,265,75
667,315,75
668,316,75
668,426,75
668,322,75
668,238,75
668,45,75
668,65,75
669,336,75
669,190,75
670,192,0
671,312,75
671,352,75
671,189,75
671,223,75
671,203,75
671,143,75
672,483,75
672,397,75
672,234,75
673,511,75
673,452,75
674,478,75
674,299,75
674,400,75
675,209,3
675,37,3
675,65,3
675,204,3
675,389,3
675,385,3
676,203,47
676,223,47
676,189,47
676,352,47
676,166,47
676,564,47
676,40,47
676,8,47
676,19,47
677,39,47
677,35,47
677,21,47
677,145,47
677,89,47
678,204,65
678,154,65
678,431,65
678,451,65
678,219,65
678,250,65
679,365,65
679,416,65
679,437,65
680,361,65
680,232,65
680,407,65
680,401,65
681,131,65
681,192,65
681,309,65
682,365,40
682,461,40
682,376,40
682,269,40
683,290,40
683,91,40
683,515,40
684,393,40
684,355,40
684,234,40
685,195,64
685,141,64
685,179,64
685,442,64
685,332,64
686,302,64
686,436,64
686,255,64
686,347,64
687,364,64
687,541,64
688,152,20
688,309,20
688,457,20
688,530,20
689,310,20
689,338,20
689,495,20
689,352,20
689,166,20
690,564,20
690,40,20
690,8,20
690,19,20
690,39,20
690,15,20
690,1,20
690,5,20
690,6,20
690,12,20
690,66,20
690,71,20
690,107,20
690,295,20
691,534,10
692,130,0
692,314,0
693,232,56
693,361,56
693,437,56
693,416,56
694,446,56
694,425,56
694,289,56
695,415,56
696,542,56
697,506,56
697,441,56
698,513,56
699,512,56
699,106,56
700,456,56
700,373,56
700,144,56
700,418,56
701,349,56
701,357,56
701,378,56
702,6,2
702,12,2
702,66,2
702,104,2
702,186,2
702,30,2
702,129,2
703,202,65
703,563,65
703,364,65
704,347,65
704,255,65
704,436,65
704,302,65
705,332,65
705,381,65
705,291,65
705,228,65
705,295,65
706,107,65
706,387,65
706,420,65
707,397,77
707,234,77
707,511,77
708,452,77
708,417,77
709,471,77
709,283,77
709,482,77
710,284,77
710,262,77
710,273,77
710,473,77
711,501,77
712,60,17
712,485,17
712,122,17
712,180,17
712,293,17
712,69,17
713,51,17
713,170,17
714,88,68
714,64,68
714,405,68
714,363,68
714,366,68
715,244,68
715,281,68
715,507,68
716,494,68
716,124,68
716,119,68
716,157,68
717,572,68
718,490,68
718,390,68
718,350,68
719,95,61
719,408,61
719,247,61
719,404,61
719,249,61
719,286,61
720,113,61
720,523,61
720,321,61
720,81,61
720,80,61
720,125,61
720,191,61
721,126,61
721,122,61
721,180,61
721,235,61
721,413,61
721,279,61
722,241,61
722,311,61
722,402,61
722,399,61
722,42,61
723,251,61
723,153,61
724,391,74
724,532,74
725,283,74
725,482,74
725,284,74
725,127,74
726,433,74
726,456,74
726,106,74
727,512,74
728,513,74
728,441,74
729,506,74
729,394,74
730,438,74
730,479,74
731,559,74
732,253,5
732,55,5
732,130,5
732,314,5
732,470,5
733,386,5
733,248,5
733,466,5
734,539,5
735,154,6
735,431,6
735,451,6
735,271,6
735,173,6
736,225,4
736,439,4
736,180,4
736,122,4
737,485,4
737,159,4
737,198,4
738,135,5
738,19,5
738,8,5
738,40,5
738,172,5
738,194,5
738,486,5
739,495,5
739,338,5
739,403,5
740,120,12
740,95,12
740,246,12
740,114,12
740,351,12
740,210,12
741,330,72
741,514,72
742,350,72
742,390,72
742,490,72
743,572,72
743,157,72
744,119,72
744,124,72
744,494,72
745,507,72
745,281,72
745,244,72
746,221,46
746,305,46
746,484,46
746,344,46
747,356,46
747,287,46
747,330,46
748,514,46
748,350,46
749,537,46
749,181,46
750,478,46
750,299,46
750,211,46
750,326,46
751,42,57
751,399,57
751,402,57
751,267,57
751,170,57
751,51,57
752,69,57
752,293,57
752,180,57
752,122,57
752,126,57
752,191,57
752,125,57
752,80,57
752,81,57
753,321,57
753,523,57
754,103,35
754,127,35
754,284,35
754,462,35
755,526,35
756,469,35
757,520,35
757,371,35
758,382,35
758,214,35
758,331,35
758,272,35
759,407,35
759,401,35
760,233,18
760,245,18
760,370,18
760,161,18
760,495,18
760,160,18
761,236,18
762,419,23
762,192,23
762,131,23
762,401,23
762,407,23
763,313,23
763,379,23
763,377,23
763,254,23
763,213,23
764,492,23
764,285,23
764,260,23
764,289,23
764,415,23
765,503,23
766,180,28
767,7,16
767,33,16
767,5,16
767,1,16
767,15,16
767,39,16
767,135,16
767,11,16
767,22,16
767,312,16
768,146,59
768,292,59
768,108,59
768,217,59
768,499,59
768,236,59
769,160,59
769,495,59
769,472,59
770,422,59
771,91,6
771,290,6
771,269,6
771,376,6
772,461,6
772,365,6
772,492,6
772,183,6
772,174,6
773,398,18
773,484,18
773,344,18
774,356,18
774,397,18
774,234,18
775,527,2
776,488,2
776,450,2
777,395,2
777,476,2
778,530,43
778,310,43
778,338,43
778,472,43
779,422,43
779,514,43
780,498,43
780,374,43
781,452,43
782,385,54
782,428,54
782,479,54
783,438,54
783,394,54
784,506,54
784,441,54
785,535,54
786,526,54
787,462,54
787,482,54
787,283,54
788,471,54
788,417,54
789,253,10
789,525,10
789,258,10
790,488,10
790,248,10
790,466,10
791,539,10
791,182,10
792,156,10
792,164,10
792,218,10
792,467,10
793,493,10
793,333,10
793,304,10
793,178,10
794,392,10
794,275,10
794,357,10
794,349,10
795,357,35
795,349,35
795,418,35
795,144,35
796,373,35
796,456,35
796,106,35
797,512,35
798,513,35
798,441,35
799,506,35
800,542,35
801,415,35
801,289,35
801,270,35
801,173,35
801,271,35
802,534,35
803,529,9
803,134,9
803,132,9
803,113,9
804,286,9
804,249,9
804,404,9
804,247,9
804,117,9
804,88,9
804,64,9
805,405,9
805,363,9
805,366,9
805,244,9
806,518,1
806,455,1
807,478,1
807,452,1
808,511,1
809,472,16
809,422,16
810,514,16
811,61,10
811,27,10
811,77,10
811,20,10
811,54,10
812,14,31
812,90,31
812,372,31
812,185,31
812,236,31
812,160,31
812,189,31
813,223,31
813,203,31
813,310,31
813,530,31
813,457,31
814,309,31
814,152,31
814,92,31
814,68,31
814,259,31
815,152,54
815,92,54
815,68,54
815,231,54
815,128,54
815,324,54
816,516,54
816,437,54
817,416,54
817,365,54
817,250,54
817,219,54
818,451,54
818,431,54
818,154,54
818,389,54
819,83,67
819,197,67
819,22,67
819,312,67
819,352,67
819,495,67
820,161,67
820,370,67
820,245,67
820,233,67
820,412,67
821,449,67
821,515,67
822,520,67
823,102,16
823,442,16
823,332,16
823,302,16
824,436,16
824,255,16
824,347,16
824,364,16
825,429,16
825,406,16
825,210,16
825,351,16
826,505,16
827,330,32
827,229,32
827,234,32
828,511,32
828,452,32
829,478,32
829,455,32
830,405,2
830,363,2
831,141,36
831,195,36
831,216,36
831,14,36
831,90,36
831,372,36
831,185,36
831,236,36
832,160,36
833,106,12
833,456,12
833,373,12
833,144,12
834,418,12
834,349,12
834,357,12
835,89,3
835,297,3
835,71,3
835,107,3
835,295,3
836,143,23
836,483,23
836,397,23
836,234,23
837,511,23
837,452,23
838,417,23
838,471,23
838,283,23
839,482,23
840,68,6
840,444,6
840,484,6
841,344,6
841,356,6
841,287,6
842,44,0
842,76,0
843,69,40
843,293,40
843,180,40
843,122,40
843,126,40
843,191,40
843,125,40
843,80,40
843,81,40
844,321,40
844,523,40
844,547,40
845,465,40
845,266,40
845,345,40
846,484,57
846,398,57
846,298,57
847,324,57
847,516,57
848,437,57
848,416,57
848,365,57
848,250,57
849,219,57
849,451,57
849,431,57
849,359,57
850,453,57
850,428,57
851,230,48
851,329,48
851,52,48
851,295,48
851,151,48
851,325,48
851,139,48
852,20,48
852,77,48
852,83,48
852,197,48
852,22,48
852,312,48
852,352,48
852,189,48
853,223,48
853,203,48
853,310,48
853,530,48
854,383,70
854,508,70
855,453,70
855,359,70
855,431,70
856,451,70
856,219,70
856,250,70
856,365,70
857,461,70
857,376,70
857,269,70
857,290,70
858,91,70
858,515,70
858,393,70
859,355,70
859,229,70
859,330,70
860,514,70
861,485,38
861,126,38
861,191,38
861,125,38
861,80,38
861,81,38
862,321,38
863,327,4
863,322,4
863,426,4
863,316,4
864,315,4
864,265,4
864,158,4
864,343,4
865,437,4
866,61,11
866,27,11
866,77,11
866,24,11
866,216,11
866,195,11
866,141,11
867,442,55
867,332,55
867,302,55
867,436,55
868,255,55
868,347,55
868,364,55
868,429,55
869,406,55
870,370,8
870,341,8
870,457,8
871,309,8
871,192,8
871,131,8
871,401,8
871,407,8
872,313,8
872,379,8
873,281,74
873,507,74
874,494,74
874,124,74
874,119,74
874,157,74
875,572,74
876,490,74
876,390,74
876,350,74
877,498,74
877,374,74
878,511,74
879,312,69
879,352,69
879,189,69
879,223,69
879,203,69
879,143,69
880,370,69
880,245,69
880,233,69
880,412,69
881,449,69
881,515,69
882,520,69
883,469,69
884,526,69
885,496,69
886,277,62
886,204,62
886,154,62
886,431,62
886,451,62
886,219,62
887,250,62
887,365,62
887,416,62
887,437,62
888,516,62
888,324,62
888,298,62
889,398,62
889,484,62
889,344,62
890,356,62
891,368,39
891,407,39
891,313,39
891,379,39
892,377,39
892,254,39
892,213,39
892,492,39
892,250,39
892,219,39
893,451,39
893,431,39
893,359,39
894,453,39
895,366,48
895,363,48
895,405,48
895,64,48
895,165,48
896,123,48
896,247,48
896,404,48
896,249,48
896,286,48
896,113,48
897,523,48
897,321,48
897,81,48
897,80,48
897,125,48
897,191,48
897,126,48
898,296,48
899,380,3
899,349,3
899,357,3
900,66,35
900,71,35
900,387,35
900,420,35
900,390,35
901,537,35
901,181,35
902,417,35
902,288,35
902,391,35
903,405,76
903,363,76
903,366,76
903,244,76
904,281,76
904,507,76
905,494,76
905,124,76
905,119,76
905,157,76
906,572,76
906,215,76
907,430,76
907,518,76
908,414,76
908,326,76
909,532,76
909,283,76
910,482,76
910,462,76
911,532,8
911,283,8
912,482,8
912,284,8
912,262,8
913,380,8
913,349,8
913,357,8
913,275,8
914,392,8
915,465,12
915,547,12
916,523,12
916,321,12
916,81,12
916,80,12
916,125,12
916,191,12
916,126,12
917,122,12
917,180,12
917,439,12
917,335,12
918,432,12
919,5,4
919,1,4
919,15,4
919,39,4
919,135,4
920,103,22
920,127,22
920,284,22
920,482,22
920,283,22
921,471,22
921,417,22
922,452,22
922,511,22
923,234,22
924,95,47
924,408,47
924,247,47
924,404,47
924,249,47
924,286,47
925,113,47
925,523,47
925,321,47
925,81,47
925,80,47
925,125,47
925,191,47
926,126,47
926,122,47
926,180,47
926,439,47
926,335,47
927,432,47
927,454,47
928,391,0
929,135,14
929,11,14
929,22,14
929,312,14
929,352,14
929,495,14
930,338,14
930,310,14
930,530,14
930,457,14
931,305,14
931,444,14
931,231,14
932,437,20
932,516,20
933,324,20
933,298,20
933,398,20
934,484,20
934,344,20
934,356,20
935,287,20
935,330,20
935,514,20
936,45,66
936,238,66
936,322,66
936,426,66
936,316,66
937,315,66
937,265,66
937,158,66
937,343,66
938,437,66
938,516,66
939,324,66
939,128,66
939,231,66
939,444,66
940,484,66
940,233,66
940,245,66
940,370,66
941,143,66
941,338,66
942,61,23
942,27,23
942,18,23
942,16,23
942,2,23
942,17,23
942,4,23
942,33,23
942,38,23
942,89,23
942,110,23
942,118,23
942,387,23
943,420,23
943,390,23
944,24,3
944,216,3
944,195,3
945,107,2
945,295,2
945,228,2
946,90,55
946,372,55
946,185,55
946,236,55
946,160,55
946,495,55
947,161,55
947,483,55
947,287,55
948,520,18
949,469,18
950,526,18
951,462,18
951,284,18
951,262,18
951,380,18
952,349,18
952,357,18
953,392,5
953,275,5
953,357,5
953,349,5
954,418,5
954,144,5
954,373,5
955,390,36
955,490,36
956,151,8
956,325,8
956,139,8
956,20,8
956,24,8
956,14,8
956,142,8
957,447,7
957,156,7
957,182,7
958,539,7
959,466,7
960,532,17
960,283,17
961,482,17
961,462,17
962,526,17
963,535,17
964,12,9
964,6,9
964,4,9
964,17,9
964,2,9
964,16,9
964,18,9
964,83,9
965,275,23
965,392,23
965,178,23
965,304,23
965,333,23
966,493,23
966,467,23
966,218,23
967,164,23
967,156,23
967,182,23
968,40,28
968,8,28
968,19,28
968,39,28
968,35,28
968,21,28
968,145,28
968,89,28
968,110,28
968,118,28
968,387,28
969,420,28
970,459,4
970,401,4
970,407,4
970,313,4
971,379,4
971,377,4
971,254,4
971,213,4
971,492,4
972,133,60
972,141,60
972,319,60
972,30,60
972,186,60
972,104,60
972,71,60
972,387,60
973,420,60
974,334,26
974,51,26
974,69,26
974,293,26
974,180,26
974,122,26
974,126,26
974,191,26
975,125,26
975,80,26
975,81,26
975,321,26
975,523,26
976,547,26
977,341,38
977,245,38
977,233,38
977,412,38
978,449,38
978,393,38
979,22,18
979,11,18
979,135,18
979,39,18
979,15,18
979,1,18
979,5,18
979,6,18
979,12,18
979,66,18
979,71,18
979,107,18
980,564,69
980,40,69
980,8,69
980,19,69
980,39,69
980,35,69
980,21,69
980,145,69
980,89,69
980,110,69
980,118,69
981,387,69
981,420,69
981,390,69
982,537,69
982,181,69
983,478,69
983,299,69
984,360,16
984,457,16
984,341,16
985,121,2
985,64,2
985,88,2
986,161,21
986,483,21
986,397,21
986,234,21
987,511,21
987,452,21
988,417,21
989,319,70
989,30,70
989,186,70
989,151,70
989,107,70
989,387,70
990,420,70
990,490,70
990,215,70
991,430,70
991,518,70
992,414,70
993,417,72
993,452,72
994,511,72
994,234,72
994,397,72
995,356,72
995,344,72
995,484,72
996,305,72
996,360,72
997,572,37
997,215,37
998,430,37
998,518,37
999,455,37
999,299,37
1000,287,16
1000,483,16
1000,370,16
1001,512,19
1002,513,19
1002,441,19
1003,506,19
1003,394,19
1004,438,19
1004,479,19
1005,559,19
1006,218,8
1006,164,8
1006,98,8
1006,504,8
1007,543,8
1008,491,8
1009,219,16
1009,250,16
1009,492,16
1009,213,16
1009,254,16
1009,377,16
1010,379,16
1010,313,16
1011,247,53
1011,404,53
1011,249,53
1011,286,53
1011,113,53
1012,523,53
1012,321,53
1012,81,53
1012,80,53
1012,125,53
1012,191,53
1012,126,53
1013,122,53
1013,180,53
1013,235,53
1013,413,53
1013,51,53
1013,170,53
1014,267,53
1015,103,56
1015,127,56
1015,284,56
1015,462,56
1016,526,56
1017,469,56
1018,520,56
1018,371,56
1019,382,56
1019,214,56
1019,324,56
1019,128,56
1020,47,71
1020,50,71
1020,266,71
1020,345,71
1020,406,71
1021,429,71
1021,541,71
1021,281,71
1022,507,71
1022,494,71
1023,124,71
1023,119,71
1023,157,71
1024,572,71
1024,215,71
1025,430,71
1025,518,71
1026,455,71
1026,478,71
1027,452,71
1028,192,22
1028,131,22
1028,401,22
1028,407,22
1028,313,22
1029,379,22
1029,377,22
1029,254,22
1029,213,22
1029,492,22
1030,285,22
1030,260,22
1030,270,22
1031,485,74
1031,126,74
1031,191,74
1031,125,74
1031,80,74
1031,81,74
1032,321,74
1032,523,74
1032,113,74
1032,286,74
1032,249,74
1033,404,74
1033,247,74
1033,408,74
1033,136,74
1033,73,74
1034,405,74
1034,363,74
1035,113,57
1035,286,57
1035,249,57
1035,404,57
1035,247,57
1035,123,57
1036,165,57
1036,64,57
1036,405,57
1036,363,57
1036,366,57
1037,244,57
1037,281,57
1037,507,57
1038,494,57
1038,124,57
1038,119,57
1038,157,57
1039,572,57
1039,215,57
1040,430,57
1041,5,76
1041,1,76
1041,15,76
1041,39,76
1041,135,76
1041,11,76
1041,22,76
1041,312,76
1041,352,76
1042,495,76
1042,161,76
1042,483,76
1043,397,76
1044,247,0
1044,404,0
1044,557,0
1045,544,0
1046,189,45
1046,223,45
1046,203,45
1046,310,45
1046,530,45
1047,457,45
1047,309,45
1047,192,45
1047,131,45
1048,401,45
1048,407,45
1048,313,45
1048,379,45
1049,564,41
1049,166,41
1049,352,41
1049,189,41
1049,223,41
1049,203,41
1049,310,41
1050,530,41
1050,457,41
1050,305,41
1051,444,41
1052,245,58
1052,233,58
1052,484,58
1052,398,58
1053,298,58
1053,324,58
1053,331,58
1053,272,58
1053,313,58
1054,379,58
1054,377,58
1054,254,58
1054,213,58
1054,492,58
1055,285,58
1055,260,58
1055,289,58
1055,415,58
1056,66,6
1056,12,6
1056,6,6
1056,5,6
1056,1,6
1056,15,6
1056,39,6
1057,229,44
1057,330,44
1057,514,44
1058,350,44
1058,390,44
1058,490,44
1059,572,44
1059,157,44
1060,119,44
1060,124,44
1060,494,44
1061,507,44
1061,281,44
1061,244,44
1062,517,44
1063,59,66
1063,472,66
1063,422,66
1064,514,66
1064,350,66
1065,537,66
1065,181,66
1066,417,66
1066,471,66
1066,283,66
1067,482,66
1067,284,66
1067,262,66
1068,380,66
1069,122,1
1069,180,1
1069,439,1
1070,79,37
1070,372,37
1070,185,37
1070,499,37
1070,424,37
1071,367,37
1071,524,37
1071,375,37
1071,109,37
1071,224,37
1071,176,37
1072,282,37
1072,388,37
1072,152,37
1072,92,37
1072,68,37
1072,231,37
1072,128,37
1073,368,37
1074,512,51
1075,513,51
1075,441,51
1076,506,51
1077,542,51
1078,415,51
1078,289,51
1078,260,51
1078,285,51
1078,492,51
1079,326,38
1079,414,38
1080,518,38
1080,430,38
1081,215,38
1081,572,38
1082,157,38
1082,119,38
1082,124,38
1082,494,38
1083,507,38
1083,281,38
1083,244,38
1084,366,38
1084,363,38
1084,405,38
1084,73,38
1084,136,38
1085,334,29
1085,51,29
1085,69,29
1085,293,29
1085,180,29
1085,122,29
1085,126,29
1085,191,29
1086,125,29
1086,80,29
1086,81,29
1086,321,29
1086,523,29
1086,113,29
1086,286,29
1087,249,29
1087,562,29
1088,77,5
1088,27,5
1088,61,5
1088,11,5
1088,22,5
1088,312,5
1088,352,5
1088,189,5
1089,352,17
1089,189,17
1089,223,17
1089,203,17
1089,310,17
1089,530,17
1090,457,17
1090,305,17
1090,398,17
1091,14,16
1091,216,16
1091,195,16
1092,197,0
1092,11,0
1092,135,0
1093,523,10
1093,321,10
1093,81,10
1093,80,10
1093,125,10
1093,191,10
1093,126,10
1094,122,10
1094,180,10
1094,439,10
1094,335,10
1095,102,0
1095,442,0
1095,332,0
1095,302,0
1096,436,0
1096,255,0
1096,347,0
1096,364,0
1097,541,0
1098,523,28
1098,321,28
1098,81,28
1098,80,28
1098,125,28
1099,33,9
1099,38,9
1100,437,22
1100,516,22
1101,324,22
1101,298,22
1101,398,22
1102,484,22
1102,344,22
1102,356,22
1103,287,22
1103,330,22
1103,514,22
1104,350,22
1105,192,2
1105,309,2
1106,377,21
1106,379,21
1106,313,21
1106,407,21
1107,401,21
1107,168,21
1107,444,21
1108,484,21
1108,344,21
1108,356,21
1109,287,21
1109,330,21
1109,514,21
1110,350,21
1111,537,21
1111,181,21
1112,478,21
1112,299,21
1113,403,69
1113,310,69
1113,530,69
1114,457,69
1114,305,69
1114,398,69
1114,298,69
1115,324,69
1115,331,69
1115,272,69
1115,313,69
1116,379,69
1116,377,69
1116,158,69
1116,265,69
1116,315,69
1117,316,69
1117,426,69
1117,322,69
1117,238,69
1117,45,69
1117,65,69
1118,336,69
1119,135,3
1119,19,3
1119,8,3
1119,40,3
1119,564,3
1120,225,6
1120,335,6
1120,432,6
1120,358,6
1121,402,6
1121,399,6
1121,42,6
1121,251,6
1121,153,6
1122,130,10
1122,306,10
1122,227,10
1122,460,10
1123,450,10
1123,395,10
1124,56,8
1124,373,8
1124,456,8
1124,106,8
1125,512,8
1126,513,8
1126,441,8
1127,506,8
1127,394,8
1128,438,8
1128,479,8
1129,428,8
1129,453,8
1129,359,8
1130,109,65
1130,224,65
1130,176,65
1130,282,65
1130,221,65
1130,305,65
1131,398,65
1131,298,65
1131,324,65
1131,331,65
1132,272,65
1132,313,65
1132,379,65
1132,377,65
1132,158,65
1133,265,65
1133,315,65
1133,316,65
1133,426,65
1134,322,65
1134,238,65
1134,45,65
1134,65,65
1134,336,65
1134,190,65
1135,65,20
1135,204,20
1135,154,20
1135,431,20
1135,451,20
1135,219,20
1136,250,20
1136,365,20
1137,572,35
1137,215,35
1138,430,35
1138,518,35
1139,414,35
1139,326,35
1140,532,35
1140,283,35
1141,482,35
1142,270,43
1142,425,43
1142,446,43
1143,461,43
1143,376,43
1143,269,43
1143,290,43
1144,91,43
1144,515,43
1144,393,43
1145,355,43
1145,234,43
1146,64,12
1146,481,12
1147,14,69
1147,90,69
1147,372,69
1147,185,69
1147,236,69
1147,160,69
1148,495,69
1148,161,69
1148,483,69
1149,397,69
1149,234,69
1150,154,23
1150,431,23
1150,451,23
1150,219,23
1150,250,23
1151,365,23
1151,416,23
1151,437,23
1152,516,23
1153,48,0
1153,136,0
1154,408,46
1154,247,46
1154,404,46
1154,249,46
1154,286,46
1154,113,46
1155,523,46
1155,321,46
1155,81,46
1155,80,46
1155,125,46
1155,191,46
1155,126,46
1156,122,46
1156,180,46
1156,439,46
1156,335,46
1157,432,46
1157,454,46
1158,407,51
1158,368,51
1158,298,51
1158,398,51
1159,484,51
1159,344,51
1159,356,51
1160,287,51
1160,330,51
1160,514,51
1161,352,51
1161,189,51
1161,223,51
1161,203,51
1161,310,51
1161,530,51
1162,457,51
1162,305,51
1162,444,51
1163,231,51
1163,128,51
1163,324,51
1163,331,51
1163,272,51
1164,313,51
1164,379,51
1165,377,0
1165,379,0
1165,313,0
1166,35,44
1166,21,44
1166,145,44
1166,89,44
1166,110,44
1166,118,44
1166,107,44
1166,295,44
1166,52,44
1167,329,44
1167,230,44
1168,51,21
1168,69,21
1168,293,21
1168,180,21
1168,122,21
1168,126,21
1168,191,21
1168,125,21
1168,80,21
1168,81,21
1169,321,21
1169,523,21
1169,547,21
1170,465,21
1170,266,21
1170,345,21
1171,385,28
1171,428,28
1172,307,69
1172,256,69
1172,59,69
1172,472,69
1173,422,69
1173,514,69
1174,498,69
1174,374,69
1175,452,69
1175,417,69
1176,471,69
1176,283,69
1176,482,69
1177,284,69
1177,127,69
1177,433,69
1178,316,2
1178,315,2
1178,174,2
1178,183,2
1178,492,2
1178,285,2
1179,260,2
1179,289,2
1179,415,2
1180,542,2
1181,402,18
1181,311,18
1181,241,18
1181,279,18
1181,69,18
1182,293,18
1182,180,18
1182,122,18
1182,126,18
1182,191,18
1182,125,18
1182,80,18
1182,81,18
1183,321,18
1183,523,18
1183,113,18
1183,286,18
1183,249,18
1184,562,18
1185,0,8
1185,25,8
1185,60,8
1185,485,8
1185,296,8
1185,294,8
1186,476,7
1186,395,7
1187,450,7
1187,460,7
1187,227,7
1188,306,7
1188,97,7
1188,261,7
1188,184,7
1189,245,34
1189,233,34
1189,344,34
1189,356,34
1189,287,34
1190,229,34
1190,234,34
1190,511,34
1191,280,10
1191,500,10
1192,563,10
1193,465,10
1194,327,44
1194,322,44
1194,426,44
1194,316,44
1195,315,44
1195,265,44
1195,158,44
1195,377,44
1195,379,44
1196,313,44
1196,407,44
1196,368,44
1196,298,44
1197,435,9
1197,440,9
1198,527,9
1199,488,9
1199,460,9
1199,227,9
1200,310,72
1200,530,72
1200,457,72
1200,309,72
1201,192,72
1201,131,72
1201,401,72
1201,407,72
1201,313,72
1202,379,72
1203,42,5
1203,399,5
1203,402,5
1203,358,5
1204,317,5
1204,528,5
1204,257,5
1205,497,5
1206,240,77
1206,279,77
1206,69,77
1206,293,77
1206,180,77
1206,122,77
1206,126,77
1206,191,77
1207,125,77
1207,80,77
1207,81,77
1207,321,77
1207,523,77
1207,113,77
1207,286,77
1208,249,77
1208,404,77
1208,247,77
1208,408,77
1208,136,77
1208,73,77
1209,405,77
1209,363,77
1209,366,77
1209,244,77
1210,281,77
1210,507,77
1211,494,77
1211,124,77
1211,119,77
1211,157,77
1212,572,77
1213,79,65
1213,372,65
1213,185,65
1213,236,65
1213,201,65
1214,375,65
1214,403,65
1214,338,65
1215,472,65
1215,422,65
1216,514,65
1216,350,65
1217,390,65
1217,490,65
1217,215,65
1218,430,65
1219,26,48
1219,327,48
1219,322,48
1219,426,48
1219,316,48
1220,315,48
1220,265,48
1220,158,48
1220,377,48
1220,379,48
1221,313,48
1221,407,48
1221,368,48
1221,298,48
1222,447,0
1222,156,0
1223,563,1
1223,364,1
1224,347,1
1225,532,9
1225,283,9
1226,482,9
1226,462,9
1227,205,79
1227,277,79
1227,204,79
1227,389,79
1227,385,79
1228,428,79
1228,479,79
1229,438,79
1229,394,79
1230,506,79
1230,441,79
1231,513,79
1232,512,79
1232,106,79
1233,456,79
1233,433,79
1233,127,79
1234,60,23
1234,485,23
1234,122,23
1234,180,23
1234,293,23
1234,69,23
1235,51,23
1235,334,23
1236,535,0
1237,441,0
1237,506,0
1238,542,0
1239,392,32
1239,275,32
1239,357,32
1239,349,32
1240,380,32
1240,262,32
1240,284,32
1240,462,32
1241,526,32
1242,295,24
1242,107,24
1242,387,24
1242,420,24
1243,390,24
1243,350,24
1244,514,24
1244,330,24
1244,229,24
1245,355,24
1245,393,24
1246,515,24
1246,91,24
1246,290,24
1247,269,24
1247,376,24
1247,461,24
1247,365,24
1248,250,24
1248,219,24
1248,451,24
1248,431,24
1248,359,24
1249,453,24
1250,191,43
1250,126,43
1250,122,43
1250,180,43
1250,235,43
1250,413,43
1251,279,43
1251,241,43
1251,311,43
1251,402,43
1252,399,43
1252,42,43
1252,251,43
1252,153,43
1253,240,24
1253,170,24
1253,334,24
1253,458,24
1253,243,24
1254,202,20
1254,563,20
1254,364,20
1255,347,20
1256,330,60
1256,514,60
1257,350,60
1257,390,60
1257,490,60
1258,572,60
1258,157,60
1259,119,60
1259,124,60
1259,494,60
1260,507,60
1260,281,60
1260,244,60
1261,517,60
1262,541,8
1263,563,8
1264,465,8
1265,139,71
1265,20,71
1265,77,71
1265,83,71
1265,197,71
1265,22,71
1265,312,71
1265,352,71
1266,495,71
1266,161,71
1266,483,71
1267,397,71
1267,355,71
1268,457,0
1269,14,21
1269,142,21
1269,147,21
1269,31,21
1269,63,21
1269,58,21
1269,139,21
1269,325,21
1269,104,21
1269,297,21
1270,110,21
1270,118,21
1270,387,21
1270,420,21
1271,490,21
1272,195,2
1273,437,3
1273,361,3
1273,232,3
1273,407,3
1274,401,3
1274,131,3
1274,192,3
1274,309,3
1275,457,3
1275,341,3
1276,267,0
1277,312,63
1277,352,63
1277,189,63
1277,223,63
1277,203,63
1277,310,63
1278,530,63
1278,457,63
1278,309,63
1278,152,63
1278,49,63
1279,518,6
1279,414,6
1280,326,6
1280,532,6
1281,283,6
1281,482,6
1281,462,6
1282,526,6
1283,411,4
1283,19,4
1283,8,4
1283,40,4
1283,564,4
1283,194,4
1284,486,4
1284,189,4
1284,223,4
1284,59,4
1285,472,4
1285,422,4
1286,266,4
1286,345,4
1286,210,4
1286,351,4
1286,114,4
1286,246,4
1287,95,4
1287,408,4
1288,56,76
1288,373,76
1288,456,76
1288,106,76
1289,512,76
1290,513,76
1290,441,76
1291,506,76
1291,394,76
1292,438,76
1292,479,76
1293,428,76
1293,385,76
1293,389,76
1293,204,76
1294,66,59
1294,12,59
1294,6,59
1294,5,59
1294,1,59
1294,15,59
1294,39,59
1294,135,59
1294,11,59
1294,22,59
1294,312,59
1294,352,59
1295,189,59
1295,223,59
1295,203,59
1295,310,59
1295,530,59
1296,515,2
1296,393,2
1297,355,2
1297,229,2
1297,330,2
1298,514,2
1298,350,2
1299,390,2
1299,490,2
1300,572,2
1301,338,78
1301,310,78
1301,530,78
1301,457,78
1302,309,78
1302,192,78
1302,131,78
1302,401,78
1302,407,78
1303,232,78
1303,361,78
1303,437,78
1303,416,78
1304,446,78
1304,425,78
1304,270,78
1305,375,35
1305,403,35
1305,143,35
1305,370,35
1306,245,35
1306,233,35
1306,412,35
1306,449,35
1307,283,44
1307,482,44
1307,462,44
1308,526,44
1309,469,44
1310,520,44
1310,91,44
1310,290,44
1311,269,44
1311,376,44
1311,461,44
1312,416,44
1313,163,73
1313,401,73
1313,407,73
1313,313,73
1314,379,73
1314,377,73
1314,254,73
1314,213,73
1314,492,73
1315,285,73
1315,260,73
1315,289,73
1315,415,73
1316,542,73
1317,229,48
1317,355,48
1317,393,48
1318,515,48
1318,91,48
1318,290,48
1319,269,48
1319,376,48
1319,461,48
1319,365,48
1320,250,48
1320,219,48
1320,451,48
1320,431,48
1320,154,48
1321,389,48
1322,54,22
1322,20,22
1322,77,22
1322,83,22
1322,197,22
1322,22,22
1323,143,48
1323,483,48
1323,397,48
1323,234,48
1324,511,48
1324,452,48
1325,417,48
1325,471,48
1325,283,48
1326,482,48
1326,284,48
1327,24,5
1327,20,5
1327,139,5
1327,325,5
1327,151,5
1328,46,63
1328,136,63
1328,408,63
1328,247,63
1328,404,63
1328,249,63
1329,286,63
1329,113,63
1329,523,63
1329,321,63
1329,81,63
1329,80,63
1329,125,63
1330,191,63
1330,126,63
1330,122,63
1330,180,63
1330,439,63
1331,142,29
1331,90,29
1331,79,29
1331,83,29
1331,18,29
1331,16,29
1331,2,29
1331,17,29
1331,4,29
1331,33,29
1331,38,29
1331,89,29
1332,537,7
1332,181,7
1333,417,7
1333,471,7
1333,283,7
1334,482,7
1334,462,7
1335,526,7
1336,535,7
1337,39,53
1337,19,53
1337,8,53
1337,40,53
1337,564,53
1337,194,53
1337,486,53
1337,189,53
1338,223,53
1338,203,53
1338,310,53
1338,530,53
1338,457,53
1339,305,53
1339,398,53
1339,298,53
1339,324,53
1339,214,53
1340,382,53
1340,371,53
1341,516,6
1341,214,6
1341,382,6
1342,371,6
1342,520,6
1343,469,6
1344,330,59
1344,229,59
1344,355,59
1344,393,59
1345,515,59
1345,91,59
1345,290,59
1346,269,59
1346,376,59
1346,461,59
1346,365,59
1347,492,59
1348,197,4
1348,22,4
1348,312,4
1348,352,4
1349,68,1
1349,231,1
1349,128,1
1349,298,1
1350,254,3
1350,213,3
1350,492,3
1350,250,3
1350,219,3
1350,451,3
1351,431,3
1351,359,3
1351,453,3
1352,90,3
1352,79,3
1352,83,3
1352,18,3
1352,16,3
1352,2,3
1352,17,3
1352,4,3
1352,33,3
1352,38,3
1353,526,73
1354,462,73
1354,482,73
1354,283,73
1355,532,73
1355,326,73
1356,414,73
1356,518,73
1357,430,73
1357,215,73
1358,572,73
1358,157,73
1359,119,73
1359,124,73
1359,494,73
1360,507,73
1360,281,73
1360,244,73
1361,517,73
1362,172,58
1362,194,58
1362,486,58
1362,189,58
1362,223,58
1363,203,58
1363,310,58
1363,530,58
1363,457,58
1364,309,58
1364,192,58
1364,131,58
1364,401,58
1364,407,58
1365,28,2
1365,292,2
1365,108,2
1365,217,2
1365,499,2
1366,103,14
1366,127,14
1366,284,14
1366,482,14
1366,283,14
1367,532,14
1367,326,14
1368,155,8
1368,389,8
1368,154,8
1368,431,8
1368,451,8
1369,445,42
1369,358,42
1369,267,42
1369,170,42
1369,51,42
1369,69,42
1370,293,42
1370,180,42
1370,122,42
1370,126,42
1370,191,42
1370,125,42
1370,80,42
1370,81,42
1371,321,42
1371,523,42
1371,113,42
1371,286,42
1371,249,42
1372,562,42
1373,155,71
1373,385,71
1373,428,71
1374,479,71
1374,438,71
1375,394,71
1375,506,71
1376,441,71
1376,513,71
1377,512,71
1377,106,71
1378,456,71
1378,433,71
1378,127,71
1378,284,71
1379,482,71
1379,283,71
1380,532,71
1380,211,71
1381,299,71
1382,49,60
1382,459,60
1382,401,60
1382,407,60
1382,313,60
1383,379,60
1383,377,60
1383,254,60
1383,213,60
1383,492,60
1384,285,60
1384,260,60
1384,289,60
1384,415,60
1385,503,60
1386,88,21
1386,117,21
1386,247,21
1386,404,21
1386,249,21
1386,286,21
1387,113,21
1387,132,21
1387,134,21
1387,529,21
1388,421,21
1388,140,21
1388,94,21
1389,379,32
1389,313,32
1389,407,32
1390,301,45
1390,84,45
1390,296,45
1390,294,45
1390,421,45
1391,529,45
1391,134,45
1391,132,45
1391,113,45
1392,286,45
1392,249,45
1392,404,45
1392,247,45
1392,123,45
1392,165,45
1393,64,45
1393,405,45
1393,363,45
1394,6,38
1394,12,38
1394,66,38
1394,71,38
1394,107,38
1394,295,38
1395,49,40
1395,72,40
1395,463,40
1395,484,40
1395,344,40
1396,356,40
1396,287,40
1396,330,40
1397,514,40
1398,356,3
1398,344,3
1398,484,3
1399,305,3
1400,94,67
1400,140,67
1400,421,67
1401,529,67
1401,134,67
1401,132,67
1401,113,67
1402,286,67
1402,249,67
1402,404,67
1402,247,67
1402,123,67
1402,165,67
1403,64,67
1403,405,67
1403,363,67
1403,366,67
1403,244,67
1404,281,67
1404,507,67
1405,494,67
1405,124,67
1405,119,67
1405,157,67
1406,572,67
1406,215,67
1407,430,67
1408,361,42
1408,232,42
1408,407,42
1408,401,42
1409,131,42
1409,192,42
1409,388,42
1409,282,42
1409,176,42
1409,224,42
1410,109,42
1410,375,42
1410,524,42
1410,367,42
1410,424,42
1411,217,42
1411,108,42
1411,292,42
1411,146,42
1411,44,42
1411,150,42
1411,102,42
1412,442,42
1412,332,42
1412,302,42
1412,436,42
1413,255,42
1413,347,42
1413,364,42
1414,563,42
1415,465,42
1415,547,42
1416,132,42
1416,134,42
1416,529,42
1417,421,42
1417,140,42
1417,94,42
1417,225,42
1417,335,42
1418,432,42
1418,454,42
1419,312,45
1419,352,45
1419,495,45
1419,161,45
1420,483,45
1420,397,45
1420,234,45
1421,511,45
1422,118,64
1422,110,64
1422,89,64
1422,145,64
1422,21,64
1422,35,64
1422,39,64
1422,19,64
1422,8,64
1422,40,64
1422,564,64
1422,194,64
1423,486,64
1423,189,64
1423,223,64
1423,203,64
1423,310,64
1424,530,64
1424,457,64
1424,309,64
1424,192,64
1425,106,62
1425,456,62
1425,373,62
1425,144,62
1426,418,62
1426,349,62
1426,357,62
1426,275,62
1427,392,62
1427,178,62
1427,304,62
1427,333,62
1428,493,62
1428,467,62
1429,85,62
1429,468,62
1430,368,38
1430,324,38
1430,214,38
1430,382,38
1431,371,38
1431,520,38
1432,469,38
1433,526,38
1434,496,38
1434,106,38
1434,456,38
1435,375,68
1435,403,68
1435,143,68
1436,483,68
1436,397,68
1436,234,68
1437,511,68
1437,452,68
1438,417,68
1438,471,68
1439,140,1
1439,94,1
1439,225,1
1439,335,1
1439,334,1
1439,170,1
1440,262,4
1440,284,4
1440,482,4
1440,283,4
1441,471,4
1441,417,4
1442,452,4
1442,511,4
1443,234,4
1443,397,4
1443,483,4
1443,161,4
1444,59,15
1444,161,15
1444,483,15
1444,397,15
1444,234,15
1445,511,15
1446,528,4
1446,317,4
1446,358,4
1447,402,4
1447,399,4
1447,42,4
1447,567,4
1448,566,4
1448,303,4
1449,515,10
1449,393,10
1450,355,10
1450,229,10
1451,214,51
1451,382,51
1451,371,51
1452,515,51
1452,393,51
1453,355,51
1453,234,51
1453,511,51
1454,452,51
1454,417,51
1454,288,51
1455,54,2
1455,139,2
1455,325,2
1456,216,48
1456,14,48
1456,90,48
1456,372,48
1456,185,48
1456,236,48
1456,160,48
1457,495,48
1458,42,0
1458,399,0
1459,538,9
1460,493,9
1460,467,9
1460,218,9
1461,164,9
1461,156,9
1461,182,9
1462,264,70
1462,239,70
1462,416,70
1462,446,70
1463,425,70
1463,289,70
1463,415,70
1464,542,70
1465,506,70
1465,441,70
1466,513,70
1467,512,70
1467,106,70
1468,456,70
1468,373,70
1468,144,70
1468,418,70
1469,349,70
1469,357,70
1469,275,70
1469,392,70
1470,523,65
1470,113,65
1470,286,65
1470,249,65
1470,404,65
1471,247,65
1471,408,65
1471,136,65
1471,73,65
1471,481,65
1472,517,65
1472,244,65
1472,281,65
1473,507,65
1473,494,65
1474,124,65
1474,119,65
1474,157,65
1475,572,65
1476,79,19
1476,90,19
1476,14,19
1476,216,19
1476,195,19
1476,82,19
1477,366,47
1477,244,47
1477,281,47
1478,507,47
1478,494,47
1479,124,47
1479,119,47
1479,157,47
1479,230,47
1479,329,47
1479,52,47
1479,295,47
1479,107,47
1480,387,47
1480,420,47
1480,390,47
1481,350,47
1481,498,47
1481,374,47
1482,511,47
1483,42,55
1483,399,55
1483,402,55
1483,267,55
1483,170,55
1483,51,55
1484,69,55
1484,293,55
1484,180,55
1484,122,55
1484,126,55
1484,191,55
1484,125,55
1484,80,55
1484,81,55
1485,321,55
1485,523,55
1485,113,55
1485,286,55
1485,249,55
1486,404,55
1486,247,55
1486,117,55
1486,88,55
1486,64,55
1486,405,55
1487,363,55
1487,366,55
1488,139,22
1488,58,22
1488,63,22
1488,195,22
1488,133,22
1488,102,22
1488,442,22
1489,332,22
1489,302,22
1489,436,22
1489,255,22
1490,347,22
1490,364,22
1491,563,22
1492,465,22
1492,547,22
1493,523,22
1493,321,22
1493,81,22
1493,80,22
1493,125,22
1493,191,22
1493,126,22
1494,296,22
1495,109,74
1495,224,74
1495,176,74
1495,282,74
1495,221,74
1495,305,74
1496,398,74
1496,263,74
1496,328,74
1496,324,74
1497,516,74
1497,437,74
1498,416,74
1498,365,74
1498,250,74
1498,219,74
1499,451,74
1499,431,74
1499,359,74
1500,30,55
1500,186,55
1500,104,55
1500,71,55
1500,387,55
1500,420,55
1501,490,55
1501,215,55
1501,430,55
1502,518,55
1503,107,66
1503,295,66
1503,228,66
1503,291,66
1503,381,66
1504,332,66
1504,302,66
1504,436,66
1504,255,66
1505,347,66
1505,364,66
1506,375,44
1506,524,44
1506,367,44
1506,424,44
1507,217,44
1507,108,44
1507,292,44
1507,28,44
1507,82,44
1507,141,44
1507,179,44
1508,442,44
1508,332,44
1508,302,44
1508,436,44
1509,255,44
1509,347,44
1509,364,44
1510,563,44
1511,465,44
1511,547,44
1512,523,44
1512,321,44
1512,81,44
1512,80,44
1512,125,44
1512,191,44
1512,126,44
1513,122,44
1513,180,44
1513,293,44
1513,69,44
1513,51,44
1513,170,44
1513,267,44
1514,402,44
1514,399,44
1514,42,44
1514,251,44
1514,153,44
1515,521,44
1516,217,54
1516,108,54
1516,292,54
1516,28,54
1516,82,54
1516,141,54
1516,319,54
1516,30,54
1516,186,54
1517,151,54
1517,107,54
1517,387,54
1517,420,54
1518,4,18
1518,17,18
1518,2,18
1518,16,18
1518,18,18
1518,77,18
1518,24,18
1518,14,18
1519,146,1
1519,44,1
1520,571,0
1521,89,2
1521,110,2
1521,118,2
1522,392,63
1522,275,63
1522,357,63
1522,349,63
1523,418,63
1523,144,63
1523,373,63
1523,456,63
1524,106,63
1524,512,63
1525,513,63
1525,441,63
1526,506,63
1527,28,51
1527,292,51
1527,108,51
1527,217,51
1527,499,51
1527,236,51
1527,160,51
1528,495,51
1529,440,2
1529,435,2
1530,504,2
1531,543,2
1532,491,2
1533,103,78
1533,127,78
1533,284,78
1533,462,78
1534,526,78
1535,469,78
1536,520,78
1536,371,78
1537,382,78
1537,214,78
1537,324,78
1537,368,78
1538,411,70
1538,27,70
1538,77,70
1538,20,70
1538,58,70
1538,63,70
1538,31,70
1538,147,70
1538,167,70
1538,78,70
1539,105,70
1539,28,70
1539,292,70
1539,108,70
1539,217,70
1539,424,70
1540,367,70
1540,524,70
1540,375,70
1540,109,70
1540,224,70
1540,176,70
1541,282,70
1541,388,70
1541,152,70
1541,92,70
1541,68,70
1541,231,70
1541,128,70
1542,324,70
1542,214,70
1542,382,70
1542,371,70
1543,520,70
1544,469,70
1545,22,1
1545,312,1
1545,352,1
1546,298,8
1546,324,8
1546,214,8
1546,382,8
1546,371,8
1547,520,8
1548,469,8
1549,526,8
1550,151,42
1550,104,42
1550,66,42
1550,12,42
1550,6,42
1550,5,42
1550,1,42
1550,15,42
1550,39,42
1550,135,42
1550,11,42
1550,22,42
1550,312,42
1551,352,42
1552,431,36
1552,451,36
1552,219,36
1552,250,36
1552,365,36
1553,461,36
1553,376,36
1553,269,36
1553,290,36
1554,91,36
1554,515,36
1555,313,55
1555,379,55
1555,377,55
1555,254,55
1555,213,55
1556,492,55
1556,250,55
1556,219,55
1556,451,55
1556,431,55
1557,359,55
1557,453,55
1557,428,55
1558,230,68
1558,329,68
1558,52,68
1558,295,68
1558,151,68
1558,325,68
1558,139,68
1559,20,68
1559,77,68
1559,83,68
1559,197,68
1559,22,68
1559,312,68
1559,352,68
1559,189,68
1560,223,68
1560,203,68
1560,310,68
1560,530,68
1561,167,55
1561,78,55
1561,105,55
1561,28,55
1561,292,55
1561,108,55
1561,217,55
1562,424,55
1562,367,55
1562,524,55
1562,375,55
1563,403,55
1563,338,55
1563,472,55
1564,422,55
1564,330,55
1564,229,55
1564,234,55
1565,511,55
1565,452,55
1566,103,50
1566,56,50
1566,380,50
1566,349,50
1566,357,50
1567,378,50
1568,521,69
1568,153,69
1568,251,69
1568,42,69
1568,399,69
1569,402,69
1569,267,69
1569,240,69
1569,279,69
1569,69,69
1569,293,69
1570,180,69
1570,122,69
1570,126,69
1570,191,69
1570,125,69
1570,80,69
1570,81,69
1570,321,69
1571,71,0
1572,484,48
1572,398,48
1572,263,48
1573,328,48
1573,324,48
1573,214,48
1573,382,48
1574,371,48
1574,520,48
1575,469,48
1576,526,48
1577,496,48
1577,106,48
1577,456,48
1578,373,48
1578,144,48
1578,418,48
1578,349,48
1579,357,48
1579,378,48
1580,230,54
1580,329,54
1580,52,54
1580,228,54
1580,291,54
1580,381,54
1581,332,54
1581,302,54
1581,436,54
1581,255,54
1582,7,8
1582,33,8
1582,4,8
1582,17,8
1582,2,8
1582,16,8
1582,18,8
1583,506,43
1583,441,43
1584,513,43
1585,512,43
1585,106,43
1586,456,43
1586,373,43
1586,144,43
1586,418,43
1587,349,43
1587,357,43
1587,378,43
1588,360,7
1588,305,7
1588,484,7
1588,344,7
1589,356,7
1589,287,7
1589,330,7
1590,154,12
1590,431,12
1590,451,12
1590,219,12
1590,250,12
1591,365,12
1591,416,12
1591,437,12
1592,361,12
1592,232,12
1592,407,12
1592,401,12
1593,131,12
1593,192,12
1593,388,12
1593,282,12
1593,176,12
1593,224,12
1594,109,12
1594,375,12
1594,201,12
1594,236,12
1594,185,12
1595,499,44
1595,236,44
1595,160,44
1595,495,44
1595,161,44
1596,483,44
1596,397,44
1596,234,44
1597,424,8
1597,367,8
1597,524,8
1597,375,8
1597,109,8
1598,224,8
1598,176,8
1598,282,8
1598,388,8
1598,152,8
1598,92,8
1598,68,8
1599,231,8
1600,85,15
1600,467,15
1601,493,15
1601,333,15
1601,304,15
1601,178,15
1602,340,15
1602,378,15
1602,357,15
1602,349,15
1603,418,15
1603,144,15
1603,373,15
1603,456,15
1604,106,15
1605,143,20
1605,370,20
1605,245,20
1605,233,20
1605,412,20
1606,449,20
1606,515,20
1607,520,20
1608,469,20
1609,322,1
1609,426,1
1609,316,1
1609,315,1
1610,174,1
1610,183,1
1610,492,1
1610,365,1
1611,417,19
1611,452,19
1612,511,19
1612,234,19
1612,355,19
1613,393,19
1613,515,19
1614,371,19
1614,382,19
1614,214,19
1615,57,17
1615,36,17
1615,22,17
1615,197,17
1615,83,17
1615,77,17
1615,20,17
1616,89,18
1616,110,18
1616,118,18
1616,387,18
1616,420,18
1617,390,18
1618,537,18
1618,181,18
1619,478,18
1619,299,18
1620,190,10
1620,155,10
1620,385,10
1620,428,10
1621,479,10
1621,438,10
1622,394,10
1622,506,10
1623,441,10
1623,513,10
1624,512,10
1624,106,10
1625,456,10
1626,102,3
1626,150,3
1626,44,3
1626,146,3
1626,292,3
1626,108,3
1626,217,3
1627,424,3
1627,367,3
1627,524,3
1627,375,3
1627,109,3
1628,224,3
1628,176,3
1628,282,3
1629,514,1
1629,350,1
1630,390,1
1630,490,1
1630,215,1
1631,430,1
1632,28,62
1632,82,62
1632,141,62
1632,319,62
1632,30,62
1632,186,62
1632,104,62
1632,71,62
1633,387,62
1633,420,62
1633,390,62
1634,350,62
1635,218,1
1635,467,1
1635,493,1
1636,333,1
1636,304,1
1636,178,1
1636,340,1
1637,423,1
1638,185,3
1639,265,36
1639,158,36
1639,377,36
1639,379,36
1639,313,36
1640,407,36
1640,401,36
1641,127,47
1641,284,47
1641,462,47
1642,526,47
1643,469,47
1644,520,47
1644,371,47
1645,382,47
1645,214,47
1645,324,47
1645,298,47
1646,4,13
1646,17,13
1646,2,13
1646,16,13
1646,18,13
1646,77,13
1646,24,13
1646,216,13
1646,195,13
1646,76,13
1647,68,23
1647,444,23
1647,484,23
1648,344,23
1648,356,23
1648,287,23
1648,330,23
1649,514,23
1649,350,23
1650,537,23
1650,181,23
1651,478,23
1651,299,23
1651,211,23
1651,326,23
1652,298,60
1652,398,60
1652,484,60
1653,344,60
1653,356,60
1653,397,60
1653,234,60
1654,511,60
1654,452,60
1655,478,60
1655,455,60
1656,133,10
1656,141,10
1656,319,10
1656,30,10
1656,186,10
1657,414,16
1657,326,16
1658,532,16
1658,283,16
1659,482,16
1660,51,31
1660,69,31
1660,293,31
1660,180,31
1660,122,31
1660,485,31
1661,60,31
1662,360,1
1662,305,1
1663,72,5
1663,463,5
1663,484,5
1663,412,5
1664,449,5
1665,106,40
1665,456,40
1665,373,40
1665,56,40
1666,380,40
1666,349,40
1666,357,40
1666,378,40
1667,340,40
1667,178,40
1667,304,40
1667,333,40
1668,493,40
1668,467,40
1668,218,40
1669,164,40
1669,98,40
1669,435,40
1669,440,40
1670,527,40
1671,267,32
1671,402,32
1671,399,32
1671,42,32
1671,464,32
1672,192,5
1672,131,5
1672,401,5
1672,407,5
1672,313,5
1673,379,5
1673,377,5
1673,158,5
1673,265,5
1674,54,23
1674,20,23
1674,77,23
1674,83,23
1674,197,23
1674,22,23
1675,49,34
1675,459,34
1675,401,34
1675,407,34
1675,272,34
1676,331,34
1676,214,34
1676,382,34
1676,371,34
1677,520,34
1678,469,34
1679,526,34
1680,496,34
1680,106,34
1680,456,34
1681,373,34
1682,319,30
1682,141,30
1682,195,30
1682,216,30
1682,14,30
1682,90,30
1682,372,30
1683,185,30
1684,218,5
1684,164,5
1684,98,5
1684,504,5
1685,543,5
1686,432,13
1686,335,13
1686,439,13
1686,180,13
1687,122,13
1687,126,13
1687,191,13
1687,125,13
1687,80,13
1687,81,13
1687,321,13
1688,523,13
1688,547,13
1689,465,13
1690,563,13
1691,447,11
1691,98,11
1691,435,11
1692,440,11
1693,527,11
1693,386,11
1694,470,11
1694,314,11
1694,171,11
1695,390,41
1695,420,41
1695,387,41
1695,107,41
1696,295,41
1696,228,41
1696,291,41
1696,381,41
1697,465,52
1697,547,52
1698,523,52
1698,321,52
1698,81,52
1698,80,52
1698,125,52
1698,191,52
1698,126,52
1699,122,52
1699,180,52
1699,235,52
1699,413,52
1699,279,52
1700,241,52
1700,311,52
1700,402,52
1700,399,52
1700,42,52
1701,251,52
1701,153,52
1701,362,52
1702,125,14
1702,80,14
1702,81,14
1702,321,14
1702,523,14
1703,547,14
1704,204,71
1704,65,71
1704,45,71
1704,238,71
1704,322,71
1704,426,71
1705,316,71
1705,315,71
1705,265,71
1705,158,71
1705,377,71
1706,379,71
1706,313,71
1706,272,71
1706,331,71
1707,324,71
1707,298,71
1707,398,71
1708,484,71
1708,344,71
1708,356,71
1709,287,71
1709,330,71
1709,514,71
1710,350,71
1711,90,0
1711,79,0
1712,102,70
1712,133,70
1712,195,70
1712,216,70
1712,14,70
1712,90,70
1712,372,70
1712,185,70
1713,236,70
1713,160,70
1713,189,70
1713,223,70
1713,59,70
1713,472,70
1714,422,70
1715,319,29
1715,30,29
1715,186,29
1715,104,29
1715,71,29
1715,387,29
1716,420,29
1716,490,29
1717,565,2
1717,60,2
1717,485,2
1717,122,2
1718,27,54
1718,61,54
1718,11,54
1718,22,54
1718,312,54
1718,352,54
1718,189,54
1718,223,54
1719,203,54
1719,310,54
1719,530,54
1720,189,52
1720,223,52
1720,203,52
1720,310,52
1720,530,52
1721,457,52
1721,309,52
1721,192,52
1721,131,52
1722,107,69
1722,295,69
1722,52,69
1722,329,69
1722,230,69
1722,157,69
1722,119,69
1722,124,69
1723,494,69
1723,507,69
1724,281,69
1724,244,69
1724,517,69
1725,481,69
1725,73,69
1725,136,69
1725,408,69
1725,247,69
1726,404,69
1726,557,69
1727,544,69
1728,51,33
1728,69,33
1728,293,33
1728,180,33
1728,122,33
1728,485,33
1729,159,33
1729,198,33
1730,495,4
1730,160,4
1730,236,4
1731,95,5
1731,246,5
1731,114,5
1731,351,5
1731,210,5
1731,406,5
1732,429,5
1733,517,50
1733,244,50
1733,281,50
1734,507,50
1734,494,50
1735,124,50
1735,119,50
1735,157,50
1735,230,50
1735,329,50
1735,52,50
1735,295,50
1735,107,50
1736,387,50
1736,420,50
1736,390,50
1737,350,50
1738,31,6
1738,147,6
1738,167,6
1738,78,6
1738,105,6
1738,28,6
1738,292,6
1738,108,6
1738,217,6
1739,424,6
1739,367,6
1739,524,6
1739,375,6
1740,403,6
1740,338,6
1740,472,6
1741,422,6
1741,514,6
1742,350,6
1743,537,6
1743,181,6
1744,417,6
1744,471,6
1745,117,6
1745,247,6
1745,404,6
1745,249,6
1745,286,6
1745,113,6
1746,523,6
1746,321,6
1746,81,6
1746,80,6
1746,125,6
1747,540,6
1748,198,6
1748,159,6
1749,363,1
1749,405,1
1749,64,1
1749,165,1
1749,123,1
1749,247,1
1750,404,1
1750,557,1
1751,544,1
1752,155,7
1752,389,7
1752,154,7
1752,431,7
1752,451,7
1753,271,7
1753,173,7
1754,155,6
1754,385,6
1754,428,6
1755,479,6
1755,438,6
1756,394,6
1757,310,70
1757,530,70
1757,457,70
1757,305,70
1758,444,70
1758,168,70
1758,401,70
1758,407,70
1759,313,70
1759,379,70
1759,377,70
1759,158,70
1759,265,70
1760,315,70
1760,316,70
1760,426,70
1760,322,70
1761,238,70
1761,45,70
1761,65,70
1761,204,70
1761,389,70
1761,385,70
1762,192,10
1762,388,10
1762,282,10
1762,176,10
1762,224,10
1762,109,10
1763,375,10
1763,201,10
1763,236,10
1764,204,23
1764,65,23
1764,45,23
1764,238,23
1764,322,23
1764,426,23
1765,534,23
1765,271,23
1766,173,23
1766,270,23
1766,425,23
1766,446,23
1767,461,23
1767,376,23
1767,269,23
1767,290,23
1768,91,23
1768,371,23
1768,382,23
1768,214,23
1768,324,23
1769,128,23
1769,231,23
1770,40,2
1770,8,2
1770,19,2
1770,411,2
1771,38,21
1771,33,21
1771,4,21
1771,17,21
1771,2,21
1771,16,21
1771,18,21
1771,77,21
1771,24,21
1771,216,21
1771,195,21
1771,133,21
1772,355,0
1772,229,0
1772,330,0
1773,514,0
1774,83,76
1774,27,76
1774,411,76
1774,19,76
1774,8,76
1774,40,76
1774,172,76
1774,194,76
1775,486,76
1775,189,76
1775,223,76
1775,203,76
1775,143,76
1776,370,76
1776,245,76
1776,233,76
1776,484,76
1777,398,76
1777,298,76
1777,324,76
1778,516,76
1779,6,17
1779,12,17
1779,66,17
1779,104,17
1779,186,17
1779,30,17
1779,319,17
1779,179,17
1779,442,17
1780,324,0
1780,516,0
1781,375,62
1781,109,62
1781,224,62
1781,176,62
1781,282,62
1782,388,62
1782,192,62
1782,131,62
1782,401,62
1783,407,62
1784,221,0
1784,305,0
1785,506,33
1785,441,33
1786,535,33
1787,526,33
1788,462,33
1788,482,33
1788,283,33
1789,532,33
1789,326,33
1790,414,33
1791,14,7
1791,90,7
1791,372,7
1791,185,7
1791,236,7
1791,160,7
1791,189,7
1792,22,44
1792,197,44
1792,79,44
1792,90,44
1792,14,44
1792,216,44
1792,195,44
1792,133,44
1792,102,44
1793,146,8
1793,44,8
1793,150,8
1793,102,8
1793,442,8
1793,332,8
1794,302,8
1794,436,8
1794,255,8
1794,347,8
1795,364,8
1796,192,49
1796,131,49
1796,401,49
1796,407,49
1796,313,49
1797,379,49
1797,377,49
1797,158,49
1797,265,49
1797,315,49
1798,316,49
1798,426,49
1798,322,49
1798,238,49
1798,45,49
1798,65,49
1799,240,0
1800,236,66
1800,185,66
1800,372,66
1800,79,66
1800,83,66
1800,18,66
1800,16,66
1800,2,66
1800,17,66
1800,4,66
1800,6,66
1800,12,66
1800,66,66
1801,71,66
1801,387,66
1801,420,66
1802,490,66
1802,215,66
1802,430,66
1803,378,6
1803,357,6
1803,349,6
1803,418,6
1804,144,6
1804,373,6
1804,456,6
1804,106,6
1805,512,6
1806,513,6
1806,441,6
1807,506,6
1808,542,6
1809,388,18
1809,192,18
1809,131,18
1809,401,18
1809,368,18
1810,324,18
1810,516,18
1811,437,18
1811,343,18
1811,158,18
1811,265,18
1812,315,18
1812,316,18
1812,426,18
1812,322,18
1813,238,18
1813,45,18
1813,65,18
1813,336,18
1813,190,18
1813,155,18
1813,385,18
1814,428,18
1814,479,18
1815,438,18
1815,394,18
1816,506,18
1816,441,18
1817,513,18
1818,512,18
1818,106,18
1819,456,18
1819,373,18
1819,56,18
1819,273,18
1820,473,18
1820,501,18
1821,384,18
1822,229,14
1822,355,14
1822,393,14
1823,326,0
1823,532,0
1824,471,0
1824,417,0
1824,181,0
1825,537,0
1826,350,0
1826,498,0
1826,374,0
1827,511,0
1827,234,0
1827,397,0
1828,356,0
1828,344,0
1828,412,0
1829,449,0
1829,515,0
1830,91,0
1830,290,0
1830,269,0
1830,376,0
1831,461,0
1831,446,0
1832,425,0
1832,289,0
1832,415,0
1833,503,0
1833,438,0
1834,479,0
1834,428,0
1835,161,59
1835,483,59
1835,397,59
1835,234,59
1836,511,59
1836,452,59
1837,417,59
1837,471,59
1837,283,59
1838,482,59
1838,284,59
1838,262,59
1839,380,59
1840,319,16
1840,30,16
1840,186,16
1840,104,16
1840,71,16
1840,387,16
1841,420,16
1842,275,0
1842,392,0
1843,398,47
1843,484,47
1843,344,47
1844,356,47
1844,287,47
1844,229,47
1844,234,47
1845,373,30
1845,456,30
1845,106,30
1846,512,30
1847,513,30
1847,441,30
1848,506,30
1849,542,30
1850,415,30
1850,289,30
1850,425,30
1851,446,30
1851,461,30
1851,376,30
1852,269,30
1852,290,30
1852,91,30
1853,515,30
1853,449,30
1854,412,30
1854,344,30
1854,356,30
1855,483,30
1855,143,30
1855,203,30
1855,223,30
1855,189,30
1856,160,30
1857,352,0
1857,160,0
1857,236,0
1858,12,56
1858,6,56
1858,4,56
1858,17,56
1858,2,56
1858,16,56
1858,18,56
1858,83,56
1858,79,56
1858,372,56
1858,185,56
1858,236,56
1859,201,56
1859,375,56
1860,406,28
1860,429,28
1861,375,39
1861,403,39
1861,143,39
1861,370,39
1862,245,39
1862,233,39
1863,564,63
1863,40,63
1863,8,63
1863,19,63
1863,39,63
1863,15,63
1863,1,63
1863,5,63
1863,6,63
1863,12,63
1863,66,63
1863,104,63
1863,186,63
1863,30,63
1863,129,63
1864,291,63
1864,381,63
1865,173,0
1865,271,0
1865,219,0
1865,250,0
1865,365,0
1866,416,0
1866,437,0
1867,28,4
1867,292,4
1867,108,4
1867,217,4
1867,424,4
1867,367,4
1868,524,4
1868,375,4
1868,109,4
1868,224,4
1868,176,4
1868,282,4
1869,388,4
1869,192,4
1869,131,4
1869,163,4
1869,208,4
1870,37,1
1870,65,1
1870,204,1
1870,389,1
1871,435,6
1871,440,6
1872,527,6
1873,488,6
1874,352,66
1874,189,66
1874,223,66
1874,203,66
1874,310,66
1874,530,66
1875,457,66
1875,309,66
1875,192,66
1875,131,66
1876,401,66
1876,407,66
1877,185,42
1877,236,42
1877,160,42
1877,495,42
1877,472,42
1878,422,42
1878,514,42
1879,98,1
1879,435,1
1879,440,1
1880,197,54
1880,79,54
1880,90,54
1880,14,54
1880,216,54
1880,195,54
1880,133,54
1880,102,54
1881,442,54
1882,157,54
1882,119,54
1882,124,54
1882,494,54
1883,507,54
1883,281,54
1884,541,54
1885,563,54
1886,465,54
1887,98,2
1887,164,2
1887,218,2
1887,467,2
1888,493,2
1889,205,19
1889,277,19
1889,204,19
1889,154,19
1889,431,19
1889,451,19
1890,219,19
1890,250,19
1891,433,7
1891,456,7
1891,106,7
1892,512,7
1893,513,7
1893,441,7
1894,506,7
1894,394,7
1895,438,7
1895,479,7
1896,428,7
1896,453,7
1896,359,7
1897,92,46
1897,68,46
1897,231,46
1897,128,46
1897,324,46
1897,214,46
1897,382,46
1898,371,46
1898,520,46
1899,360,50
1899,305,50
1899,398,50
1899,298,50
1899,324,50
1900,214,50
1900,382,50
1900,371,50
1901,520,50
1902,469,50
1903,526,50
1904,465,41
1904,547,41
1905,132,41
1905,134,41
1905,529,41
1906,421,41
1906,140,41
1906,94,41
1906,225,41
1906,335,41
1907,432,41
1907,454,41
1908,509,41
1908,342,41
1909,521,41
1910,19,1
1910,8,1
1910,40,1
1910,564,1
1910,194,1
1910,486,1
1911,495,1
1911,472,1
1911,422,1
1912,330,1
1912,229,1
1912,355,1
1912,393,1
1913,515,1
1913,91,1
1913,290,1
1914,269,1
1914,376,1
1914,461,1
1915,446,1
1915,425,1
1915,289,1
1916,415,1
1917,542,1
1918,83,64
1918,197,64
1918,22,64
1918,312,64
1918,352,64
1918,495,64
1919,161,64
1919,483,64
1919,397,64
1920,355,64
1921,298,4
1921,398,4
1921,484,4
1922,344,4
1922,356,4
1923,416,18
1923,365,18
1923,250,18
1923,219,18
1924,451,18
1924,431,18
1924,154,18
1924,389,18
1925,212,1
1925,159,1
1925,485,1
1925,126,1
1925,191,1
1926,88,23
1926,64,23
1926,405,23
1926,363,23
1926,366,23
1927,244,23
1927,281,23
1927,507,23
1928,494,23
1928,124,23
1928,119,23
1928,157,23
1929,572,23
1929,215,23
1930,430,23
1930,518,23
1931,414,23
1932,42,60
1932,399,60
1932,402,60
1932,358,60
1933,432,60
1933,335,60
1933,225,60
1933,94,60
1933,140,60
1934,421,60
1934,529,60
1935,134,60
1935,132,60
1935,113,60
1935,286,60
1935,249,60
1935,404,60
1936,247,60
1936,408,60
1936,136,60
1937,49,64
1937,152,64
1937,388,64
1937,282,64
1937,176,64
1937,224,64
1937,109,64
1938,375,64
1938,201,64
1938,236,64
1938,185,64
1938,372,64
1939,69,19
1939,293,19
1939,180,19
1939,122,19
1939,126,19
1939,191,19
1939,125,19
1939,80,19
1939,81,19
1940,321,19
1940,523,19
1940,113,19
1940,286,19
1940,249,19
1941,404,19
1941,247,19
1941,408,19
1941,136,19
1941,73,19
1942,481,19
1943,173,1
1943,271,1
1943,451,1
1943,431,1
1943,359,1
1944,453,1
1945,77,6
1945,24,6
1945,216,6
1945,195,6
1945,141,6
1946,259,41
1946,208,41
1946,128,41
1946,324,41
1947,516,41
1947,437,41
1948,416,41
1948,446,41
1948,425,41
1949,289,41
1949,415,41
1950,542,41
1951,506,41
1951,441,41
1952,513,41
1953,512,41
1953,106,41
1954,456,41
1954,373,41
1954,56,41
1954,273,41
1955,473,41
1955,501,41
1956,87,2
1956,9,2
1956,199,2
1956,71,2
1956,387,2
1956,420,2
1957,406,6
1957,429,6
1958,541,6
1959,194,70
1959,486,70
1959,495,70
1959,161,70
1960,483,70
1960,397,70
1960,234,70
1961,511,70
1961,452,70
1962,417,70
1962,471,70
1962,283,70
1963,482,70
1963,462,70
1964,496,70
1965,121,61
1965,405,61
1965,363,61
1965,366,61
1965,244,61
1966,281,61
1966,507,61
1967,494,61
1967,124,61
1967,119,61
1967,157,61
1967,230,61
1968,329,61
1968,52,61
1968,295,61
1968,107,61
1969,312,49
1969,352,49
1969,495,49
1969,161,49
1970,483,49
1970,397,49
1970,355,49
1971,393,49
1971,515,49
1972,520,49
1973,397,40
1973,483,40
1973,370,40
1974,341,40
1975,0,35
1975,25,35
1975,60,35
1975,485,35
1975,122,35
1975,180,35
1975,235,35
1976,413,35
1976,279,35
1976,240,35
1976,267,35
1977,402,35
1977,399,35
1977,42,35
1977,251,35
1977,153,35
1978,362,35
1979,60,72
1979,485,72
1979,126,72
1979,191,72
1979,125,72
1979,80,72
1979,81,72
1980,321,72
1980,523,72
1980,113,72
1980,286,72
1980,249,72
1981,404,72
1981,247,72
1982,191,8
1982,126,8
1982,122,8
1982,180,8
1982,439,8
1982,335,8
1983,458,8
1984,64,6
1984,405,6
1984,363,6
1984,366,6
1984,244,6
1985,281,6
1985,507,6
1986,494,6
1986,124,6
1986,119,6
1986,157,6
1987,572,6
1987,215,6
1988,430,6
1989,194,41
1989,486,41
1989,495,41
1989,161,41
1990,483,41
1990,397,41
1991,407,9
1991,401,9
1991,131,9
1991,192,9
1991,309,9
1992,77,56
1992,27,56
1992,411,56
1992,19,56
1992,8,56
1992,40,56
1992,172,56
1992,194,56
1993,486,56
1993,189,56
1993,307,56
1993,256,56
1993,59,56
1994,472,56
1994,422,56
1995,514,56
1995,350,56
1996,537,56
1996,181,56
1997,417,56
1997,288,56
1998,4,25
1998,17,25
1998,2,25
1998,16,25
1998,18,25
1998,27,25
1998,61,25
1998,11,25
1998,22,25
1998,36,25
1998,57,25
1998,564,25
1998,194,25
1999,486,25
1999,189,25
1999,223,25
1999,203,25
2000,403,25
2000,109,25
2000,224,25
2000,176,25
2000,282,25
2000,318,25
2001,509,56
2001,454,56
2002,432,56
2002,335,56
2002,439,56
2002,180,56
2003,122,56
2003,126,56
2003,191,56
2003,125,56
2003,80,56
2003,81,56
2003,321,56
2004,135,1
2004,39,1
2005,520,30
2006,469,30
2007,526,30
2008,462,30
2008,284,30
2008,262,30
2008,380,30
2009,349,30
2009,357,30
2010,209,0
2010,37,0
2011,516,3
2011,324,3
2011,128,3
2012,180,34
2012,235,34
2012,413,34
2012,279,34
2012,240,34
2013,267,34
2013,402,34
2013,399,34
2013,42,34
2014,567,34
2014,566,34
2014,303,34
2015,271,18
2015,173,18
2015,270,18
2015,425,18
2016,446,18
2016,461,18
2016,376,18
2017,269,18
2017,290,18
2017,91,18
2018,515,18
2018,393,18
2019,355,18
2019,229,18
2019,330,18
2020,266,22
2020,345,22
2020,406,22
2020,429,22
2021,541,22
2021,281,22
2022,507,22
2022,494,22
2023,70,0
2024,15,15
2024,1,15
2024,5,15
2024,6,15
2024,12,15
2024,66,15
2024,104,15
2024,186,15
2024,30,15
2024,319,15
2024,179,15
2025,572,62
2025,215,62
2026,430,62
2026,518,62
2027,414,62
2027,326,62
2028,532,62
2028,283,62
2029,482,62
2030,30,5
2030,186,5
2030,104,5
2030,297,5
2031,414,18
2031,518,18
2032,430,18
2032,215,18
2033,572,18
2033,157,18
2034,119,18
2034,124,18
2034,494,18
2035,507,18
2035,281,18
2036,113,59
2036,286,59
2036,249,59
2036,404,59
2036,247,59
2036,408,59
2037,136,59
2037,73,59
2037,405,59
2037,363,59
2037,366,59
2038,244,59
2038,281,59
2038,507,59
2039,494,59
2039,124,59
2039,119,59
2039,157,59
2040,572,59
2040,215,59
2041,430,59
2042,313,43
2042,379,43
2042,377,43
2042,254,43
2042,213,43
2043,492,43
2043,250,43
2043,219,43
2043,451,43
2043,431,43
2043,154,43
2044,204,43
2044,336,43
2045,523,30
2045,321,30
2045,81,30
2045,80,30
2045,125,30
2046,540,30
2047,39,0
2048,456,1
2048,106,1
2049,512,1
2050,513,1
2050,441,1
2051,506,1
2052,136,39
2052,408,39
2052,247,39
2052,404,39
2052,249,39
2052,286,39
2053,113,39
2053,132,39
2053,134,39
2053,529,39
2054,371,5
2054,382,5
2054,214,5
2054,324,5
2054,298,5
2055,398,5
2055,305,5
2055,221,5
2056,34,77
2056,63,77
2056,31,77
2056,147,77
2056,167,77
2056,78,77
2056,105,77
2056,28,77
2056,292,77
2056,108,77
2057,217,77
2057,424,77
2057,367,77
2057,524,77
2058,375,77
2058,403,77
2058,143,77
2058,370,77
2059,245,77
2059,233,77
2059,412,77
2059,449,77
2060,515,77
2061,520,77
2062,313,18
2062,379,18
2062,377,18
2062,254,18
2062,213,18
2063,492,18
2063,285,18
2063,260,18
2063,289,18
2063,415,18
2064,503,18
2065,214,41
2065,382,41
2065,371,41
2066,515,41
2066,393,41
2067,355,41
2067,234,41
2067,511,41
2068,452,41
2068,478,41
2069,563,18
2070,465,18
2070,547,18
2071,132,18
2071,134,18
2071,529,18
2072,421,18
2072,140,18
2072,94,18
2072,225,18
2072,335,18
2073,432,18
2073,454,18
2074,61,21
2074,11,21
2074,22,21
2074,36,21
2074,57,21
2074,172,21
2074,194,21
2074,486,21
2075,189,21
2075,223,21
2075,59,21
2075,472,21
2075,422,21
2076,211,35
2076,299,35
2076,478,35
2077,452,35
2077,511,35
2078,234,35
2078,229,35
2078,287,35
2078,356,35
2078,344,35
2079,484,35
2079,463,35
2079,72,35
2079,49,35
2079,459,35
2080,42,76
2080,399,76
2080,402,76
2080,267,76
2080,170,76
2080,51,76
2081,69,76
2081,293,76
2081,180,76
2081,122,76
2081,126,76
2081,191,76
2081,125,76
2081,80,76
2081,81,76
2082,321,76
2082,523,76
2082,113,76
2082,286,76
2082,249,76
2083,404,76
2083,247,76
2083,117,76
2083,88,76
2083,64,76
2084,481,76
2085,517,76
2086,124,63
2086,119,63
2086,157,63
2086,230,63
2086,329,63
2086,52,63
2086,295,63
2086,107,63
2087,387,63
2087,420,63
2087,390,63
2088,350,63
2088,498,63
2088,374,63
2089,511,63
2090,190,78
2090,155,78
2090,385,78
2090,428,78
2091,479,78
2091,438,78
2092,394,78
2092,506,78
2093,441,78
2093,513,78
2094,512,78
2094,106,78
2095,456,78
2095,373,78
2095,144,78
2095,418,78
2096,349,78
2096,357,78
2096,378,78
2097,326,1
2097,532,1
2098,283,1
2098,482,1
2099,103,29
2099,127,29
2099,284,29
2099,482,29
2099,283,29
2100,471,29
2100,288,29
2101,216,58
2101,195,58
2101,133,58
2101,102,58
2101,442,58
2101,332,58
2102,302,58
2102,436,58
2102,255,58
2103,516,1
2103,214,1
2103,382,1
2104,371,1
2104,520,1
2105,469,1
2106,526,1
2107,462,1
2107,284,1
2107,262,1
2107,380,1
2108,349,1
2108,357,1
2108,378,1
2109,326,2
2109,414,2
2110,518,2
2111,483,38
2111,161,38
2111,495,38
2111,160,38
2112,236,38
2112,185,38
2112,372,38
2112,90,38
2112,14,38
2112,216,38
2112,195,38
2112,133,38
2113,102,38
2113,442,38
2113,332,38
2113,302,38
2114,436,38
2114,255,38
2114,347,38
2114,364,38
2115,563,38
2116,465,38
2116,547,38
2117,523,38
2118,3,36
2118,67,36
2118,66,36
2118,104,36
2118,186,36
2118,30,36
2118,129,36
2118,291,36
2118,381,36
2119,332,36
2119,302,36
2119,436,36
2119,255,36
2120,347,36
2120,364,36
2120,429,36
2121,406,36
2121,210,36
2121,351,36
2122,505,36
2123,352,6
2123,495,6
2123,161,6
2123,483,6
2124,397,6
2124,234,6
2124,511,6
2125,452,6
2125,478,6
2125,299,6
2126,211,6
2127,421,6
2127,529,6
2128,134,6
2128,132,6
2128,547,6
2129,465,6
2130,563,6
2130,364,6
2131,347,6
2131,255,6
2131,436,6
2131,302,6
2132,332,6
2132,381,6
2132,291,6
2132,228,6
2133,365,38
2133,250,38
2133,219,38
2133,451,38
2133,431,38
2134,359,38
2134,453,38
2134,428,38
2135,297,18
2135,104,18
2135,186,18
2135,30,18
2135,129,18
2135,291,18
2135,381,18
2136,332,18
2136,302,18
2136,436,18
2136,255,18
2137,347,18
2137,364,18
2137,429,18
2138,406,18
2138,210,18
2138,351,18
2139,505,18
2140,152,48
2140,388,48
2140,282,48
2140,176,48
2140,224,48
2140,109,48
2141,375,48
2141,524,48
2141,367,48
2141,424,48
2142,217,48
2142,108,48
2142,292,48
2142,28,48
2142,82,48
2142,141,48
2142,179,48
2143,442,48
2143,332,48
2143,302,48
2143,436,48
2144,255,48
2144,347,48
2144,364,48
2145,563,48
2146,465,48
2146,547,48
2147,132,48
2147,134,48
2147,529,48
2148,424,32
2148,367,32
2148,524,32
2148,375,32
2149,403,32
2149,143,32
2149,370,32
2150,4,11
2150,17,11
2150,2,11
2150,16,11
2150,18,11
2150,83,11
2150,79,11
2150,372,11
2150,185,11
2151,294,64
2151,140,64
2151,94,64
2151,225,64
2151,335,64
2152,432,64
2152,358,64
2152,402,64
2153,399,64
2153,42,64
2153,251,64
2153,153,64
2154,117,43
2154,247,43
2154,404,43
2154,249,43
2154,286,43
2154,113,43
2155,523,43
2155,321,43
2155,81,43
2155,80,43
2155,125,43
2156,540,43
2157,198,43
2158,23,0
2158,95,0
2159,64,38
2159,88,38
2159,117,38
2159,247,38
2159,404,38
2159,249,38
2159,286,38
2160,113,38
2160,132,38
2160,134,38
2160,529,38
2161,421,38
2161,140,38
2161,94,38
2161,225,38
2161,335,38
2162,432,38
2162,445,38
2163,77,1
2163,20,1
2163,139,1
2164,209,38
2164,327,38
2164,322,38
2164,426,38
2165,316,38
2165,315,38
2165,265,38
2165,158,38
2165,377,38
2166,379,38
2166,313,38
2166,407,38
2167,414,0
2167,518,0
2168,356,19
2168,344,19
2168,484,19
2169,305,19
2169,360,19
2170,221,2
2170,305,2
2170,484,2
2171,225,21
2171,335,21
2171,432,21
2172,454,21
2172,187,21
2172,399,21
2173,504,49
2173,98,49
2173,164,49
2173,218,49
2174,467,49
2174,493,49
2175,333,49
2175,304,49
2175,178,49
2175,340,49
2175,378,49
2176,357,49
2176,349,49
2176,418,49
2176,144,49
2177,373,49
2177,456,49
2177,106,49
2178,496,49
2179,526,49
2180,469,49
2181,218,7
2181,467,7
2181,493,7
2182,333,7
2182,304,7
2182,178,7
2182,392,7
2182,275,7
2183,357,7
2183,349,7
2184,307,19
2184,256,19
2184,59,19
2184,338,19
2184,310,19
2184,530,19
2185,457,19
2185,309,19
2185,152,19
2185,92,19
2185,68,19
2185,231,19
2186,128,19
2186,324,19
2186,331,19
2186,272,19
2186,313,19
2187,379,19
2187,264,19
2187,239,19
2188,107,73
2188,387,73
2188,420,73
2189,490,73
2190,521,23
2190,342,23
2191,509,23
2191,454,23
2192,432,23
2192,335,23
2192,225,23
2192,94,23
2192,140,23
2193,421,23
2194,3,65
2194,67,65
2194,66,65
2194,104,65
2194,186,65
2194,30,65
2194,319,65
2194,141,65
2194,82,65
2194,28,65
2195,292,65
2195,108,65
2195,217,65
2196,512,66
2197,513,66
2197,441,66
2198,506,66
2198,394,66
2199,438,66
2199,479,66
2200,428,66
2200,385,66
2200,389,66
2200,204,66
2200,65,66
2201,37,66
2202,143,1
2202,403,1
2202,109,1
2202,224,1
2202,176,1
2202,282,1
2203,465,15
2203,547,15
2204,132,15
2204,134,15
2204,529,15
2205,421,15
2205,140,15
2205,94,15
2206,61,38
2206,411,38
2206,19,38
2206,8,38
2206,40,38
2206,564,38
2206,166,38
2206,352,38
2207,189,38
2207,223,38
2207,203,38
2207,310,38
2207,530,38
2208,522,17
2209,543,17
2210,504,17
2210,98,17
2210,164,17
2210,218,17
2211,467,17
2211,493,17
2212,333,17
2212,304,17
2212,178,17
2212,340,17
2212,378,17
2213,357,17
2213,349,17
2213,418,17
2213,144,17
2214,373,17
2214,456,17
2214,106,17
2215,512,17
2216,513,17
2217,66,8
2217,104,8
2217,186,8
2218,421,1
2218,529,1
2219,134,1
2219,132,1
2219,547,1
2220,465,1
2220,202,1
2221,214,4
2221,382,4
2221,371,4
2222,515,4
2223,114,40
2223,246,40
2223,95,40
2223,408,40
2223,247,40
2223,404,40
2224,249,40
2224,286,40
2224,113,40
2224,132,40
2224,134,40
2225,529,40
2225,421,40
2226,140,40
2226,94,40
2226,225,40
2226,335,40
2226,432,40
2227,454,40
2227,187,40
2227,399,40
2227,42,40
2228,567,40
2228,566,40
2228,303,40
2229,402,0
2229,358,0
2229,317,0
2230,528,0
2230,257,0
2231,497,0
2232,496,41
2233,526,41
2234,469,41
2235,520,41
2235,91,41
2235,290,41
2236,269,41
2236,376,41
2236,461,41
2236,365,41
2237,492,41
2237,213,41
2237,254,41
2237,343,41
2238,51,60
2238,69,60
2238,293,60
2238,180,60
2238,122,60
2238,126,60
2238,191,60
2238,125,60
2238,80,60
2238,81,60
2239,321,60
2239,523,60
2239,547,60
2240,465,60
2240,202,60
2241,79,4
2241,372,4
2242,251,0
2242,153,0
2243,233,7
2243,245,7
2243,341,7
2243,457,7
2244,309,7
2244,192,7
2244,131,7
2244,163,7
2244,208,7
2244,128,7
2244,324,7
2245,516,7
2245,437,7
2246,249,58
2246,286,58
2246,113,58
2246,523,58
2246,321,58
2246,81,58
2247,80,58
2247,125,58
2247,191,58
2247,126,58
2247,122,58
2247,180,58
2247,293,58
2247,69,58
2248,279,58
2248,241,58
2248,311,58
2248,402,58
2249,399,58
2250,303,75
2250,566,75
2250,567,75
2250,42,75
2250,399,75
2251,402,75
2251,267,75
2251,170,75
2251,334,75
2251,335,75
2252,225,75
2252,94,75
2252,140,75
2252,421,75
2253,529,75
2253,134,75
2253,132,75
2253,113,75
2254,286,75
2254,249,75
2254,404,75
2254,247,75
2254,408,75
2255,288,8
2255,417,8
2255,452,8
2256,511,8
2257,538,0
2258,164,6
2258,218,6
2258,467,6
2259,493,6
2259,333,6
2259,304,6
2259,178,6
2260,392,6
2260,275,6
2261,209,68
2261,327,68
2261,322,68
2261,426,68
2262,316,68
2262,315,68
2262,265,68
2262,158,68
2262,377,68
2263,379,68
2263,313,68
2263,272,68
2263,331,68
2264,28,16
2264,105,16
2264,78,16
2264,167,16
2264,142,16
2264,90,16
2264,372,16
2264,193,16
2265,323,16
2265,137,16
2265,352,16
2265,189,16
2266,169,3
2266,218,3
2266,467,3
2267,493,3
2267,333,3
2267,304,3
2267,178,3
2268,169,1
2268,468,1
2269,330,54
2269,514,54
2270,350,54
2270,390,54
2270,490,54
2271,352,73
2271,312,73
2271,22,73
2271,197,73
2271,83,73
2271,77,73
2271,20,73
2271,54,73
2272,448,73
2273,221,64
2273,305,64
2273,398,64
2273,298,64
2273,324,64
2274,516,64
2274,437,64
2275,416,64
2275,446,64
2275,425,64
2276,289,64
2276,415,64
2277,542,64
2278,506,64
2278,441,64
2279,535,64
2280,55,13
2280,130,13
2280,314,13
2280,470,13
2281,386,13
2281,248,13
2281,466,13
2282,539,13
2282,182,13
2283,156,13
2283,164,13
2283,218,13
2283,467,13
2284,493,13
2284,333,13
2284,304,13
2284,178,13
2285,340,13
2285,378,13
2285,357,13
2285,349,13
2286,266,0
2286,345,0
2287,103,26
2287,144,26
2287,418,26
2287,349,26
2287,357,26
2288,275,26
2288,392,26
2288,178,26
2288,304,26
2288,333,26
2289,493,26
2289,467,26
2289,218,26
2290,164,26
2290,98,26
2290,435,26
2291,38,2
2292,155,2
2292,385,2
2292,453,2
2293,39,9
2293,135,9
2293,11,9
2293,22,9
2293,312,9
2293,352,9
2294,283,0
2294,482,0
2295,56,0
2295,380,0
2296,380,57
2296,349,57
2296,357,57
2296,275,57
2297,392,57
2297,178,57
2297,304,57
2297,333,57
2298,493,57
2298,467,57
2298,218,57
2299,164,57
2299,98,57
2299,435,57
2299,440,57
2300,527,57
2300,386,57
2301,470,57
2301,314,57
2301,171,57
2302,277,49
2302,204,49
2302,154,49
2302,431,49
2302,451,49
2302,219,49
2303,250,49
2303,492,49
2304,41,6
2304,246,6
2304,114,6
2304,351,6
2304,210,6
2304,345,6
2305,266,6
2305,202,6
2306,122,0
2306,485,0
2307,216,18
2307,195,18
2307,82,18
2308,299,0
2308,478,0
2308,452,0
2309,258,33
2309,488,33
2310,527,33
2311,440,33
2311,435,33
2311,98,33
2311,164,33
2311,218,33
2312,467,33
2312,493,33
2313,333,33
2313,304,33
2313,178,33
2313,340,33
2313,378,33
2314,357,33
2314,349,33
2314,418,33
2314,144,33
2315,373,33
2316,0,78
2316,25,78
2316,60,78
2316,485,78
2316,126,78
2316,191,78
2316,125,78
2316,80,78
2317,81,78
2317,321,78
2317,523,78
2318,547,78
2318,465,78
2319,266,78
2319,345,78
2319,210,78
2319,351,78
2319,114,78
2319,246,78
2320,41,78
2320,48,78
2321,375,46
2321,403,46
2321,143,46
2321,370,46
2322,245,46
2322,233,46
2322,412,46
2322,449,46
2323,485,68
2323,126,68
2323,191,68
2323,125,68
2323,80,68
2323,81,68
2324,321,68
2324,523,68
2324,113,68
2324,286,68
2324,249,68
2325,404,68
2325,247,68
2325,408,68
2326,7,14
2326,38,14
2326,145,14
2326,21,14
2326,35,14
2326,39,14
2326,19,14
2326,8,14
2326,40,14
2326,172,14
2326,194,14
2327,486,14
2327,189,14
2327,223,14
2327,203,14
2328,375,0
2328,524,0
2328,367,0
2328,424,0
2329,426,16
2329,322,16
2329,238,16
2329,45,16
2329,65,16
2329,204,16
2330,154,16
2331,41,1
2331,246,1
2331,114,1
2332,326,3
2332,391,3
2332,288,3
2332,417,3
2333,452,3
2334,221,43
2334,305,43
2334,484,43
2334,344,43
2335,356,43
2335,397,43
2336,88,1
2336,117,1
2337,43,65
2337,49,65
2337,72,65
2337,463,65
2337,484,65
2337,344,65
2338,356,65
2338,287,65
2338,330,65
2339,366,71
2339,363,71
2339,405,71
2339,64,71
2339,165,71
2340,123,71
2340,247,71
2340,404,71
2340,249,71
2340,286,71
2340,113,71
2341,523,71
2341,321,71
2341,81,71
2341,80,71
2341,125,71
2341,191,71
2341,126,71
2342,122,71
2342,180,71
2342,235,71
2342,413,71
2342,51,71
2342,170,71
2343,267,71
2344,22,20
2344,197,20
2344,79,20
2344,90,20
2344,14,20
2344,216,20
2344,195,20
2344,76,20
2345,246,0
2345,114,0
2346,202,0
2346,563,0
2347,435,13
2347,440,13
2348,527,13
2349,488,13
2349,258,13
2350,335,19
2350,432,19
2350,358,19
2351,402,19
2351,399,19
2352,216,17
2352,195,17
2352,76,17
2353,61,0
2354,191,39
2354,126,39
2354,122,39
2354,180,39
2354,439,39
2354,335,39
2355,458,39
2355,243,39
2356,106,46
2356,456,46
2356,373,46
2356,56,46
2357,380,46
2357,349,46
2357,357,46
2357,378,46
2358,340,46
2358,178,46
2358,304,46
2358,333,46
2359,493,46
2359,467,46
2359,218,46
2360,164,46
2360,156,46
2360,182,46
2361,539,46
2362,139,6
2362,325,6
2362,186,6
2363,106,42
2363,456,42
2363,373,42
2363,144,42
2364,418,42
2364,349,42
2364,357,42
2364,275,42
2365,392,42
2365,178,42
2365,304,42
2365,333,42
2366,493,42
2366,467,42
2366,218,42
2367,164,42
2367,98,42
2367,435,42
2367,440,42
2368,527,42
2369,488,42
2370,155,16
2370,385,16
2370,428,16
2371,479,16
2371,438,16
2372,394,16
2373,209,2
2373,205,2
2374,59,0
2374,161,0
2374,483,0
2375,90,6
2375,372,6
2375,185,6
2375,499,6
2376,3,12
2376,67,12
2376,66,12
2376,104,12
2376,186,12
2376,448,12
2377,182,6
2377,539,6
2378,466,6
2378,248,6
2378,386,6
2379,470,6
2379,353,6
2380,330,39
2380,514,39
2381,350,39
2381,390,39
2382,298,2
2382,368,2
2382,407,2
2382,313,2
2383,379,2
2383,377,2
2383,254,2
2383,213,2
2384,572,47
2384,215,47
2385,430,47
2385,518,47
2386,414,47
2386,326,47
2387,532,47
2387,283,47
2388,482,47
2389,126,0
2389,191,0
2389,125,0
2389,80,0
2389,81,0
2389,321,0
2389,523,0
2390,327,8
2390,322,8
2390,426,8
2390,316,8
2391,315,8
2391,265,8
2391,158,8
2391,343,8
2392,437,8
2393,499,5
2393,185,5
2393,372,5
2394,15,61
2394,1,61
2394,5,61
2394,4,61
2394,17,61
2394,2,61
2394,16,61
2394,18,61
2394,27,61
2394,411,61
2394,19,61
2394,8,61
2394,40,61
2394,564,61
2394,194,61
2395,486,61
2395,189,61
2395,307,61
2395,256,61
2395,59,61
2396,338,61
2396,310,61
2396,530,61
2397,392,25
2397,275,25
2397,357,25
2397,349,25
2398,380,25
2398,262,25
2398,284,25
